,DATA_ENTRADA,COD_EMPRESA,CODIGO,EMBALAGEM_FORNECEDOR,QUANTIDADE_COMPRA,UNIDADE_ESTOQUE,PRECO_UNIT_UNIDADE_COMPRA
0,2024-01-25,2,152965,CX-1-UN,12.0,UN,377.88939999999997
1,2024-01-04,2,152965,CX-1-UN,6.0,UN,377.88939999999997
2,2024-01-25,2,29896,CX-40-UN,120.0,UN,48.983399999999996
3,2024-01-04,2,29896,CX-40-UN,80.0,UN,48.983399999999996
4,2024-01-04,2,343150,CX-6-UN,6.0,UN,195.3696
5,2024-01-17,2,343150,CX-6-UN,6.0,UN,195.3696
6,2024-01-17,2,344697,CX-6-UN,6.0,UN,201.5078
7,2024-01-04,2,344697,CX-6-UN,6.0,UN,201.5078
8,2024-01-30,2,371452,CX-20-UN,80.0,UN,13.065999999999999
9,2024-01-15,2,383718,UN-1-UN,2.0,UN,336.4636
10,2024-01-22,2,386056,CX-18-UN,54.0,UN,13.498399999999998
11,2024-01-23,2,386056,CX-18-UN,180.0,UN,13.498399999999998
12,2024-01-22,2,390158,CX-8-UN,24.0,UN,52.6306
13,2024-01-19,2,390158,CX-8-UN,56.0,UN,52.6306
14,2024-01-23,2,390158,CX-8-UN,24.0,UN,52.6306
15,2024-01-23,2,390170,CX-12-UN,12.0,UN,22.700999999999997
16,2024-01-19,2,406818,CX-6-UN,6.0,UN,93.05999999999999
17,2024-01-23,2,406818,CX-6-UN,6.0,UN,93.05999999999999
18,2024-01-22,2,419430,CX-6-UN,6.0,UN,55.459999999999994
19,2024-01-23,2,419430,CX-6-UN,6.0,UN,55.459999999999994
20,2024-01-18,2,419435,CX-12-UN,60.0,UN,26.996799999999997
21,2024-01-18,2,419436,CX-12-UN,216.0,UN,26.996799999999997
22,2024-01-18,2,419437,CX-12-UN,540.0,UN,26.996799999999997
23,2024-01-18,2,419438,CX-12-UN,156.0,UN,26.996799999999997
24,2024-01-04,2,420253,CX-6-UN,18.0,UN,86.5552
25,2024-01-18,2,427951,CX-12-UN,84.0,UN,27.664199999999997
26,2024-01-12,2,433535,CX-25-UN,75.0,UN,5.5648
27,2024-01-05,2,442138,CX-4-UN,120.0,UN,141.36659999999998
28,2024-01-19,2,445881,CX-36-UN,72.0,UN,7.764399999999999
29,2024-01-23,2,445881,CX-36-UN,72.0,UN,7.764399999999999
30,2024-01-18,2,445886,CX-6-UN,78.0,UN,14.569999999999999
31,2024-01-18,2,445887,CX-6-UN,300.0,UN,20.586
32,2024-01-23,2,445895,CX-4-UN,16.0,UN,88.031
33,2024-01-23,2,445896,CX-4-UN,16.0,UN,88.031
34,2024-01-23,2,445897,CX-12-UN,12.0,UN,17.672
35,2024-01-19,2,445903,CX-10-UN,10.0,UN,4.2299999999999995
36,2024-01-23,2,445903,CX-10-UN,20.0,UN,4.2299999999999995
37,2024-01-04,2,447038,CX-6-UN,12.0,UN,153.90619999999998
38,2024-01-22,2,449823,CX-20-UN,120.0,UN,14.569999999999999
39,2024-01-23,2,449823,CX-20-UN,140.0,UN,14.569999999999999
40,2024-01-19,2,449823,CX-20-UN,40.0,UN,14.569999999999999
41,2024-01-04,2,450221,CX-4-UN,24.0,UN,126.22319999999999
42,2024-01-05,2,450221,CX-4-UN,36.0,UN,126.22319999999999
43,2024-01-23,2,450221,CX-4-UN,40.0,UN,126.22319999999999
44,2024-01-25,2,450221,CX-4-UN,60.0,UN,126.22319999999999
45,2024-01-26,2,454310,CX-30-UN,100.0,UN,13.065999999999999
46,2024-01-30,2,454310,CX-30-UN,120.0,UN,13.065999999999999
47,2024-01-19,2,458287,CX-8-UN,32.0,UN,60.95899999999999
48,2024-01-23,2,458287,CX-8-UN,120.0,UN,60.95899999999999
49,2024-01-22,2,458287,CX-8-UN,16.0,UN,60.95899999999999
50,2024-01-22,2,458289,CX-4-UN,12.0,UN,88.031
51,2024-01-23,2,458289,CX-4-UN,16.0,UN,88.031
52,2024-01-08,2,467615,JG-1-JG,186.0,JG,408.57099999999997
53,2024-01-04,2,467622,CX-6-UN,18.0,UN,85.07
54,2024-01-25,2,467622,CX-6-UN,6.0,UN,85.07
55,2024-01-04,2,467623,,12.0,UN,156.6792
56,2024-01-29,2,467625,CX-12-UN,36.0,UN,18.170199999999998
57,2024-01-29,2,467626,CX-40-UN,40.0,UN,40.767799999999994
58,2024-01-12,2,46898,CX-4-UN,48.0,UN,53.9372
59,2024-01-11,2,46898,CX-4-UN,60.0,UN,53.9372
60,2024-01-05,2,469421,CX-4-UN,120.0,UN,100.3732
61,2024-01-04,2,469421,CX-4-UN,124.0,UN,100.3732
62,2024-01-12,2,470026,CX-4-UN,24.0,UN,100.8714
63,2024-01-11,2,470026,CX-4-UN,48.0,UN,100.8714
64,2024-01-11,2,471499,CX-72-CA,288.0,CA,12.135399999999999
65,2024-01-30,2,471794,CX-80-UN,180.0,UN,12.699399999999999
66,2024-01-18,2,471923,CX-20-UN,320.0,UN,21.619999999999997
67,2024-01-18,2,471925,CX-20-UN,600.0,UN,21.619999999999997
68,2024-01-08,2,473654,JG-1-JG,60.0,JG,396.257
69,2024-01-18,2,474294,CX-10-UN,110.0,UN,54.05
70,2024-01-29,2,475293,CX-10-UN,50.0,UN,67.8304
71,2024-01-03,3,177392,CX-50-UN,50.0,UN,19.223
72,2024-01-08,3,177392,CX-50-UN,50.0,UN,19.223
73,2024-01-09,3,177392,CX-50-UN,50.0,UN,19.223
74,2024-01-31,3,347263,PL-123.84-M2,144.48,M2,12.69
75,2024-01-17,3,347654,PL-148.8-M2,297.6,M2,13.629999999999999
76,2024-01-17,3,348807,PL-123.84-M2,619.2,M2,12.69
77,2024-01-09,3,351757,CX-50-UN,100.0,UN,11.8346
78,2024-01-03,3,351757,CX-50-UN,250.0,UN,11.8346
79,2024-01-08,3,360262,CX-10-UN,60.0,UN,9.569199999999999
80,2024-01-03,3,360262,CX-10-UN,160.0,UN,9.569199999999999
81,2024-01-31,3,368185,PL-123.84-M2,743.04,M2,12.69
82,2024-01-05,3,407852,CX-6-UN,96.0,UN,46.812
83,2024-01-03,3,437734,CX-50-UN,100.0,UN,20.520199999999996
84,2024-01-18,3,443992,CX-6-UN,66.0,UN,96.8576
85,2024-01-18,3,443993,CX-6-UN,6.0,UN,96.8576
86,2024-01-11,3,455283,CX-10-UN,300.0,UN,13.545399999999999
87,2024-01-09,3,455283,CX-10-UN,1280.0,UN,13.545399999999999
88,2024-01-16,3,463808,CX-6-UN,36.0,UN,82.1184
89,2024-01-25,3,465210,PL-82.88-M2,1906.24,M2,18.705999999999996
90,2024-01-31,3,470234,PL-83.7-M2,5189.4,M2,13.16
91,2024-01-17,92,382868,PL-99.96-M2,99.96,M2,23.5
92,2024-01-11,92,390662,PL-99.96-M2,199.92,M2,23.5
93,2024-01-17,92,390662,PL-99.96-M2,99.96,M2,23.5
94,2024-01-05,92,474264,PL-72-M2,432.0,M2,38.446
95,2024-01-05,92,474267,PL-72-M2,648.0,M2,36.565999999999995
96,2024-01-17,92,474267,PL-72-M2,432.0,M2,36.565999999999995
97,2024-01-24,92,474267,PL-72-M2,216.0,M2,36.565999999999995
98,2024-01-18,2,450691,CX-24-UN,48.0,UN,
99,2024-01-29,3,460689,UN-1-UN,20.0,UN,
100,2024-01-22,3,460689,UN-1-UN,30.0,UN,
101,2024-01-26,3,460689,UN-1-UN,50.0,UN,
102,2024-01-19,2,430599,CX-1-JG,700.0,JG,
103,2024-01-17,2,474254,CX-12-UN,120.0,UN,
104,2024-01-17,2,474248,CX-48-UN,624.0,UN,
105,2024-01-23,2,458458,CX-8-UN,120.0,UN,
106,2024-01-18,2,466684,CX-16-UN,128.0,UN,
107,2024-01-19,2,458291,CX-12-UN,24.0,UN,
108,2024-01-22,2,458291,CX-12-UN,36.0,UN,
109,2024-01-18,2,458291,CX-12-UN,36.0,UN,
110,2024-01-23,2,458291,CX-12-UN,24.0,UN,
111,2024-02-02,2,152965,CX-1-UN,12.0,UN,377.88939999999997
112,2024-02-02,2,29896,CX-40-UN,80.0,UN,48.983399999999996
113,2024-02-01,2,309553,UN-1-UN,2.0,UN,98.69999999999999
114,2024-02-14,2,344697,CX-6-UN,6.0,UN,201.5078
115,2024-02-09,2,386056,CX-18-UN,18.0,UN,13.498399999999998
116,2024-02-01,2,388534,UN-1-UN,9.0,UN,182.35999999999999
117,2024-02-01,2,388535,UN-1-UN,15.0,UN,182.35999999999999
118,2024-02-01,2,388536,UN-1-UN,20.0,UN,182.35999999999999
119,2024-02-26,2,398169,CX-24-UN,72.0,UN,7.989999999999999
120,2024-02-02,2,418788,UN-1-UN,10.0,UN,206.79999999999998
121,2024-02-14,2,420253,CX-6-UN,6.0,UN,86.5552
122,2024-02-09,2,427952,CX-12-UN,264.0,UN,23.3496
123,2024-02-26,2,433535,CX-25-UN,25.0,UN,5.5648
124,2024-02-26,2,433536,CX-12-UN,60.0,UN,6.298
125,2024-02-02,2,442138,CX-4-UN,1104.0,UN,141.36659999999998
126,2024-02-09,2,445880,CX-36-UN,216.0,UN,7.764399999999999
127,2024-02-09,2,445881,CX-36-UN,288.0,UN,7.764399999999999
128,2024-02-14,2,447038,CX-6-UN,6.0,UN,153.90619999999998
129,2024-02-02,2,450221,CX-4-UN,48.0,UN,126.22319999999999
130,2024-02-14,2,450221,CX-4-UN,80.0,UN,126.22319999999999
131,2024-02-21,2,458682,CX-8-JG,8.0,JG,72.8594
132,2024-02-14,2,466126,CX-4-UN,256.0,UN,141.36659999999998
133,2024-02-02,2,466126,CX-4-UN,364.0,UN,141.36659999999998
134,2024-02-21,2,467542,CX-8-JG,8.0,JG,72.8594
135,2024-02-20,2,467544,CX-8-JG,8.0,JG,72.8594
136,2024-02-21,2,467544,CX-8-JG,8.0,JG,72.8594
137,2024-02-21,2,467546,CX-8-JG,32.0,JG,72.8594
138,2024-02-14,2,467622,CX-6-UN,18.0,UN,85.07
139,2024-02-02,2,467625,CX-12-UN,108.0,UN,18.170199999999998
140,2024-02-02,2,467626,CX-40-UN,40.0,UN,40.767799999999994
141,2024-02-02,2,467627,CX-40-UN,40.0,UN,40.044
145,2024-02-20,2,471999,CX-6-JG,3.0,JG,81.3476
146,2024-02-21,2,471999,CX-6-JG,15.0,JG,81.3476
147,2024-02-05,2,474293,CX-10-UN,10.0,UN,54.05
148,2024-02-09,2,474293,CX-10-UN,100.0,UN,54.05
151,2024-02-20,2,476263,CX-6-JG,12.0,JG,44.5372
152,2024-02-21,2,476263,CX-6-JG,55.0,JG,44.5372
153,2024-02-20,2,476274,CX-10-JG,4.0,JG,33.88699999999999
154,2024-02-21,2,476274,CX-10-JG,36.0,JG,33.88699999999999
155,2024-02-20,2,476281,CX-8-JG,8.0,JG,30.8414
156,2024-02-21,2,476281,CX-8-JG,57.0,JG,30.8414
157,2024-02-21,2,476282,CX-8-JG,27.0,JG,30.8414
158,2024-02-20,2,476282,CX-8-JG,8.0,JG,30.8414
159,2024-02-21,2,476286,CX-6-JG,69.0,JG,44.5372
160,2024-02-20,2,476286,CX-6-JG,12.0,JG,44.5372
163,2024-02-21,2,476293,CX-6-JG,48.0,JG,53.22279999999999
164,2024-02-20,2,476293,CX-6-JG,9.0,JG,53.22279999999999
169,2024-02-20,2,476297,CX-6-JG,9.0,JG,60.8368
170,2024-02-21,2,476297,CX-6-JG,57.0,JG,60.8368
171,2024-02-08,3,334173,CX-10-UN,80.0,UN,11.1296
172,2024-02-21,3,334173,CX-10-UN,80.0,UN,11.1296
173,2024-02-15,3,348807,PL-123.84-M2,495.36,M2,12.69
174,2024-02-07,3,351757,CX-50-UN,100.0,UN,11.8346
175,2024-02-21,3,351757,CX-50-UN,150.0,UN,11.8346
176,2024-02-08,3,351757,CX-50-UN,250.0,UN,11.8346
177,2024-02-07,3,351758,CX-50-UN,50.0,UN,13.1224
178,2024-02-08,3,351758,CX-50-UN,50.0,UN,13.1224
179,2024-02-21,3,351758,CX-50-UN,100.0,UN,13.1224
180,2024-02-08,3,360262,CX-10-UN,60.0,UN,9.569199999999999
181,2024-02-07,3,360262,CX-10-UN,10.0,UN,9.569199999999999
182,2024-02-21,3,360262,CX-10-UN,130.0,UN,9.569199999999999
183,2024-02-29,3,407852,CX-6-UN,192.0,UN,46.812
184,2024-02-29,3,407871,CX-3-UN,24.0,UN,142.128
185,2024-02-06,3,409654,CX-10-UN,10.0,UN,48.1468
186,2024-02-21,3,409654,CX-10-UN,20.0,UN,48.1468
187,2024-02-06,3,437733,CX-50-UN,150.0,UN,14.560599999999999
188,2024-02-29,3,443992,CX-6-UN,60.0,UN,96.8576
189,2024-02-29,3,443993,CX-6-UN,6.0,UN,96.8576
190,2024-02-29,3,452125,CX-6-UN,60.0,UN,98.32399999999998
191,2024-02-29,3,453456,CX-6-UN,24.0,UN,101.43539999999999
192,2024-02-08,3,455282,CX-20-UN,500.0,UN,9.2308
193,2024-02-21,3,455282,CX-20-UN,600.0,UN,9.2308
194,2024-02-07,3,455282,CX-20-UN,200.0,UN,9.2308
195,2024-02-08,3,455283,CX-10-UN,300.0,UN,13.545399999999999
196,2024-02-21,3,455283,CX-10-UN,500.0,UN,13.545399999999999
197,2024-02-07,3,455283,CX-10-UN,200.0,UN,13.545399999999999
198,2024-02-07,3,456722,CX-10-UN,200.0,UN,20.520199999999996
199,2024-02-08,3,456722,CX-10-UN,300.0,UN,20.520199999999996
200,2024-02-21,3,456722,CX-10-UN,320.0,UN,20.520199999999996
201,2024-02-08,3,457489,CX-50-UN,800.0,UN,6.721
202,2024-02-07,3,457489,CX-50-UN,300.0,UN,6.721
203,2024-02-21,3,457489,CX-50-UN,400.0,UN,6.721
204,2024-02-21,3,461748,CX-10-UN,180.0,UN,4.051399999999999
205,2024-02-29,3,463805,CX-6-UN,48.0,UN,59.42679999999999
206,2024-02-29,3,463806,CX-6-UN,192.0,UN,59.42679999999999
207,2024-02-29,3,463808,CX-6-UN,150.0,UN,82.1184
208,2024-02-23,2,475500,CX-24-UN,696.0,UN,
209,2024-02-23,2,475732,CX-4-JG,332.0,JG,
210,2024-02-26,3,460689,UN-1-UN,40.0,UN,
211,2024-02-15,3,460689,UN-1-UN,252.0,UN,
212,2024-02-20,3,460689,UN-1-UN,116.0,UN,
213,2024-02-28,3,460689,UN-1-UN,60.0,UN,
214,2024-02-23,2,456384,CX-12-UN,2208.0,UN,
215,2024-02-23,2,475511,CX-4-JG,52.0,JG,
216,2024-02-23,2,475512,CX-4-JG,152.0,JG,
217,2024-02-23,2,474717,CX-48-UN,432.0,UN,
218,2024-02-23,2,450708,CX-15-UN,120.0,UN,
219,2024-02-23,2,475501,CX-24-UN,408.0,UN,
220,2024-02-23,2,475508,CX-48-UN,336.0,UN,
221,2024-02-23,2,475085,CX-20-UN,200.0,UN,
222,2024-03-07,2,386056,CX-18-UN,198.0,UN,13.498399999999998
223,2024-03-07,2,390170,CX-12-UN,12.0,UN,22.700999999999997
224,2024-03-08,2,406818,CX-6-UN,6.0,UN,93.05999999999999
225,2024-03-04,2,418788,UN-1-UN,2.0,UN,206.79999999999998
226,2024-03-08,2,419430,CX-6-UN,6.0,UN,55.459999999999994
227,2024-03-07,2,419438,CX-12-UN,72.0,UN,26.996799999999997
228,2024-03-07,2,427951,CX-12-UN,12.0,UN,27.664199999999997
229,2024-03-07,2,442138,CX-4-UN,116.0,UN,141.36659999999998
230,2024-03-05,2,442138,CX-4-UN,144.0,UN,141.36659999999998
231,2024-03-11,2,445886,CX-6-UN,6.0,UN,14.569999999999999
232,2024-03-08,2,445894,CX-12-UN,12.0,UN,11.28
233,2024-03-11,2,445894,CX-12-UN,12.0,UN,11.28
234,2024-03-07,2,445895,CX-4-UN,12.0,UN,88.031
235,2024-03-08,2,445895,CX-4-UN,12.0,UN,88.031
236,2024-03-08,2,445896,CX-4-UN,12.0,UN,88.031
237,2024-03-07,2,445896,CX-4-UN,12.0,UN,88.031
238,2024-03-07,2,445897,CX-12-UN,12.0,UN,17.672
239,2024-03-07,2,445899,CX-12-UN,12.0,UN,17.672
240,2024-03-11,2,445899,CX-12-UN,12.0,UN,17.672
241,2024-03-19,2,447235,CX-1-UN,10.0,UN,247.267
242,2024-03-21,2,447235,CX-1-UN,20.0,UN,247.267
243,2024-03-20,2,447235,CX-1-UN,10.0,UN,247.267
244,2024-03-05,2,450221,CX-4-UN,44.0,UN,126.22319999999999
245,2024-03-07,2,458287,CX-8-UN,16.0,UN,60.95899999999999
246,2024-03-08,2,458287,CX-8-UN,32.0,UN,60.95899999999999
247,2024-03-08,2,458288,CX-12-UN,32.0,UN,88.031
248,2024-03-11,2,458288,CX-12-UN,12.0,UN,88.031
249,2024-03-08,2,458289,CX-4-UN,12.0,UN,88.031
250,2024-03-01,2,470053,CX-12-UN,12.0,UN,84.506
251,2024-03-21,2,470053,CX-12-UN,12.0,UN,84.506
252,2024-03-01,2,470566,CX-4-UN,8.0,UN,234.906
253,2024-03-19,2,470566,CX-4-UN,8.0,UN,234.906
254,2024-03-21,2,472885,CX-1-UN,3.0,UN,939.906
255,2024-03-01,2,473902,CX-1-UN,12.0,UN,704.906
256,2024-03-07,2,474294,CX-10-UN,40.0,UN,54.05
257,2024-03-01,2,477961,CX-1-UN,504.0,UN,417.1626
258,2024-03-05,3,334173,CX-10-UN,80.0,UN,11.1296
259,2024-03-05,3,360262,CX-10-UN,320.0,UN,9.569199999999999
260,2024-03-05,3,409654,CX-10-UN,40.0,UN,48.1468
261,2024-03-05,3,437734,CX-50-UN,100.0,UN,20.520199999999996
262,2024-03-12,3,452129,CX-6-UN,12.0,UN,80.46399999999998
263,2024-03-05,3,454362,CX-4-UN,4.0,UN,358.95779999999996
264,2024-03-05,3,455282,CX-20-UN,2440.0,UN,9.2308
265,2024-03-05,3,455283,CX-10-UN,2670.0,UN,13.545399999999999
266,2024-03-05,3,456722,CX-10-UN,600.0,UN,20.520199999999996
267,2024-03-05,3,457489,CX-50-UN,1960.0,UN,6.721
268,2024-03-15,92,464818,PL-67.2-M2,2217.6,M2,26.79
269,2024-03-15,92,478699,PL-67.2-M2,3024.0,M2,26.423399999999997
270,2024-03-15,92,478700,CX-67.2-M2,1680.0,M2,27.729999999999997
271,2024-03-15,92,478701,PL-67.2-M2,2150.4,M2,27.729999999999997
272,2024-03-15,92,478705,PL-67.2-M2,806.4,M2,26.423399999999997
273,2024-03-12,2,456367,CX-24-UN,408.0,UN,
274,2024-03-27,7,374664,CX-6-UN,114.0,UN,
275,2024-03-11,2,477821,CX-12-UN,72.0,UN,
276,2024-03-05,3,460689,UN-1-UN,60.0,UN,
277,2024-03-18,3,460689,UN-1-UN,320.0,UN,
278,2024-03-01,3,460689,UN-1-UN,56.0,UN,
279,2024-03-08,3,460689,UN-1-UN,136.0,UN,
280,2024-03-12,2,466706,CX-24-UN,624.0,UN,
281,2024-03-01,2,430599,CX-1-JG,360.0,JG,
282,2024-03-27,7,374675,CX-6-UN,120.0,UN,
283,2024-03-07,2,458458,CX-8-UN,64.0,UN,
284,2024-03-12,2,450705,CX-24-UN,72.0,UN,
285,2024-03-27,7,374676,CX-6-UN,114.0,UN,
286,2024-04-22,2,418788,UN-1-UN,6.0,UN,206.79999999999998
287,2024-04-11,2,418840,CX-1-UN,4.0,UN,695.506
288,2024-04-03,2,418840,CX-1-UN,16.0,UN,695.506
289,2024-04-11,2,419130,CX-1-UN,8.0,UN,562.496
290,2024-04-03,2,419130,CX-1-UN,20.0,UN,562.496
291,2024-04-18,2,419436,CX-12-UN,48.0,UN,26.996799999999997
292,2024-04-08,2,419436,CX-12-UN,72.0,UN,26.996799999999997
293,2024-04-08,2,427952,CX-12-UN,84.0,UN,23.3496
294,2024-04-26,2,437288,UN-1-UN,30.0,UN,73.32
295,2024-04-23,2,439683,CX-5-UN,4500.0,UN,11.9568
296,2024-04-12,2,439683,CX-5-UN,1500.0,UN,11.9568
297,2024-04-15,2,439683,CX-5-UN,1000.0,UN,11.9568
298,2024-04-15,2,442138,CX-4-UN,44.0,UN,141.36659999999998
299,2024-04-08,2,445880,CX-36-UN,324.0,UN,7.764399999999999
300,2024-04-18,2,445880,CX-36-UN,72.0,UN,7.764399999999999
301,2024-04-08,2,445881,CX-36-UN,108.0,UN,7.764399999999999
302,2024-04-08,2,445887,CX-6-UN,84.0,UN,20.586
303,2024-04-16,2,447868,CX-12-UN,168.0,UN,26.2354
304,2024-04-17,2,447868,CX-12-UN,144.0,UN,26.2354
305,2024-04-17,2,447870,CX-12-UN,480.0,UN,17.907
306,2024-04-16,2,447870,CX-12-UN,1080.0,UN,17.907
307,2024-04-18,2,449823,CX-20-UN,40.0,UN,14.569999999999999
308,2024-04-08,2,449823,CX-20-UN,80.0,UN,14.569999999999999
309,2024-04-17,2,467615,JG-1-JG,48.0,JG,408.57099999999997
310,2024-04-26,2,467860,UN-1-UN,30.0,UN,799.611
311,2024-04-26,2,467861,UN-1-UN,15.0,UN,960.6894
312,2024-04-04,2,46898,CX-4-UN,24.0,UN,53.9372
313,2024-04-04,2,470026,CX-4-UN,44.0,UN,100.8714
314,2024-04-08,2,471923,CX-20-UN,300.0,UN,21.619999999999997
315,2024-04-08,2,471925,CX-20-UN,500.0,UN,21.619999999999997
316,2024-04-30,2,474293,CX-10-UN,420.0,UN,54.05
317,2024-04-30,2,474294,CX-10-UN,540.0,UN,54.05
318,2024-04-03,2,475293,CX-10-UN,40.0,UN,67.8304
319,2024-04-12,2,475293,CX-10-UN,10.0,UN,67.8304
320,2024-04-16,2,475293,CX-10-UN,20.0,UN,67.8304
321,2024-04-24,2,476249,CX-6-UN,28.0,UN,46.172799999999995
322,2024-04-22,2,476249,CX-6-UN,25.0,UN,46.172799999999995
323,2024-04-12,2,480406,CX-1-UN,12.0,UN,469.90599999999995
324,2024-04-30,2,481383,CX-10-UN,420.0,UN,60.95899999999999
325,2024-04-05,3,347294,PL-148.8-M2,1339.2,M2,13.629999999999999
326,2024-04-19,3,347654,PL-148.8-M2,892.8,M2,13.629999999999999
327,2024-04-09,3,360262,CX-10-UN,160.0,UN,9.569199999999999
328,2024-04-09,3,360263,CX-10-UN,620.0,UN,9.569199999999999
329,2024-04-27,3,407852,CX-6-UN,102.0,UN,46.812
330,2024-04-04,3,407871,CX-3-UN,30.0,UN,142.128
331,2024-04-09,3,437733,CX-50-UN,50.0,UN,14.560599999999999
332,2024-04-09,3,441457,CX-8-UN,8.0,UN,204.81659999999997
333,2024-04-04,3,443993,CX-6-UN,12.0,UN,96.8576
334,2024-04-09,3,454370,CX-5-UN,3.0,UN,158.6532
335,2024-04-09,3,455282,CX-20-UN,100.0,UN,9.2308
336,2024-04-10,3,455282,CX-20-UN,150.0,UN,9.2308
337,2024-04-09,3,456722,CX-10-UN,400.0,UN,20.520199999999996
338,2024-04-09,3,457489,CX-50-UN,220.0,UN,6.721
339,2024-04-05,3,463806,CX-6-UN,102.0,UN,59.42679999999999
340,2024-04-04,3,463808,CX-6-UN,78.0,UN,82.1184
341,2024-04-27,3,463808,CX-6-UN,96.0,UN,82.1184
342,2024-04-05,3,465210,PL-82.88-M2,497.28,M2,18.705999999999996
343,2024-04-17,92,474263,PL-72-M2,648.0,M2,36.565999999999995
344,2024-04-19,92,474263,PL-72-M2,1368.0,M2,36.565999999999995
345,2024-04-23,92,474263,PL-72-M2,648.0,M2,36.565999999999995
346,2024-04-24,92,474264,PL-72-M2,720.0,M2,38.446
347,2024-04-30,92,474264,PL-72-M2,216.0,M2,38.446
348,2024-04-26,92,474267,PL-72-M2,864.0,M2,36.565999999999995
349,2024-04-30,92,474267,PL-72-M2,2448.0,M2,36.565999999999995
350,2024-04-26,7,83974,CX-6-UN,12.0,UN,
351,2024-04-26,7,467661,CX-1-UN,32.0,UN,
352,2024-04-25,7,467661,CX-1-UN,30.0,UN,
353,2024-04-26,7,89650,CX-6-UN,42.0,UN,
354,2024-04-26,7,467659,CX-1-UN,36.0,UN,
355,2024-04-25,7,467659,CX-1-UN,36.0,UN,
356,2024-04-18,2,480583,CX-12-UN,276.0,UN,
357,2024-04-26,7,8458,CX-6-UN,24.0,UN,
358,2024-04-26,7,461389,CX-8-JG,48.0,JG,
359,2024-04-26,7,89652,CX-6-UN,30.0,UN,
360,2024-04-18,2,479942,CX-24-UN,552.0,UN,
361,2024-04-26,7,468894,CX-20-UN,60.0,UN,
362,2024-04-25,7,468894,CX-20-UN,40.0,UN,
363,2024-04-18,2,479940,CX-24-UN,312.0,UN,
364,2024-04-26,7,84183,CX-6-UN,48.0,UN,
365,2024-04-18,2,480585,CX-12-UN,192.0,UN,
366,2024-04-18,2,479947,CX-12-UN,192.0,UN,
367,2024-04-26,7,461378,CX-8-JG,40.0,JG,
368,2024-04-18,2,479944,CX-24-UN,192.0,UN,
369,2024-04-18,2,479952,CX-6-UN,384.0,UN,
370,2024-04-18,2,479948,CX-12-UN,276.0,UN,
371,2024-04-18,2,480582,CX-12-UN,156.0,UN,
372,2024-05-13,2,388537,UN-1-UN,1.0,UN,192.7
373,2024-05-13,2,390158,CX-8-UN,24.0,UN,52.6306
374,2024-05-13,2,418788,UN-1-UN,2.0,UN,206.79999999999998
375,2024-05-13,2,419430,CX-6-UN,6.0,UN,55.459999999999994
376,2024-05-13,2,419435,CX-12-UN,36.0,UN,26.996799999999997
377,2024-05-13,2,419436,CX-12-UN,24.0,UN,26.996799999999997
378,2024-05-13,2,427951,CX-12-UN,24.0,UN,27.664199999999997
379,2024-05-29,2,433535,CX-25-UN,25.0,UN,5.5648
380,2024-05-02,2,433535,CX-25-UN,50.0,UN,5.5648
381,2024-05-02,2,433536,CX-12-UN,12.0,UN,6.298
382,2024-05-03,2,433536,CX-12-UN,36.0,UN,6.298
383,2024-05-29,2,433536,CX-12-UN,12.0,UN,6.298
384,2024-05-13,2,445880,CX-36-UN,72.0,UN,7.764399999999999
385,2024-05-13,2,445881,CX-36-UN,36.0,UN,7.764399999999999
386,2024-05-13,2,445887,CX-6-UN,54.0,UN,20.586
387,2024-05-13,2,445894,CX-12-UN,12.0,UN,11.28
388,2024-05-13,2,445895,CX-4-UN,8.0,UN,88.031
389,2024-05-13,2,445896,CX-4-UN,8.0,UN,88.031
390,2024-05-13,2,445897,CX-12-UN,12.0,UN,17.672
391,2024-05-13,2,445899,CX-12-UN,36.0,UN,17.672
392,2024-05-13,2,445903,CX-10-UN,10.0,UN,4.2299999999999995
393,2024-05-13,2,449823,CX-20-UN,60.0,UN,14.569999999999999
394,2024-05-13,2,454313,CX-20-UN,240.0,UN,31.875399999999996
395,2024-05-02,2,454313,CX-20-UN,900.0,UN,31.875399999999996
396,2024-05-10,2,467612,JG-1-JG,20.0,JG,408.57099999999997
397,2024-05-13,2,471923,CX-20-UN,100.0,UN,21.619999999999997
398,2024-05-13,2,471925,CX-20-UN,420.0,UN,21.619999999999997
399,2024-05-13,2,472885,CX-1-UN,3.0,UN,939.906
400,2024-05-02,2,472885,CX-1-UN,3.0,UN,939.906
401,2024-05-27,2,481248,CX-24-UN,54.0,UN,31.301999999999996
402,2024-05-13,2,481381,CX-20-UN,360.0,UN,17.86
403,2024-05-16,2,482509,CX-30-UN,1000.0,UN,15.895399999999999
404,2024-05-27,3,343018,PL-129.6-M2,388.8,M2,26.884
405,2024-05-10,3,343018,PL-129.6-M2,648.0,M2,26.884
406,2024-05-06,3,351757,CX-50-UN,250.0,UN,11.8346
407,2024-05-08,3,351757,CX-50-UN,50.0,UN,11.8346
408,2024-05-07,3,351757,CX-50-UN,350.0,UN,11.8346
409,2024-05-09,3,351757,CX-50-UN,100.0,UN,11.8346
410,2024-05-09,3,351758,CX-50-UN,50.0,UN,13.1224
411,2024-05-08,3,351758,CX-50-UN,50.0,UN,13.1224
412,2024-05-06,3,351758,CX-50-UN,50.0,UN,13.1224
413,2024-05-07,3,351758,CX-50-UN,50.0,UN,13.1224
414,2024-05-23,3,407871,CX-3-UN,30.0,UN,142.128
415,2024-05-23,3,443993,CX-6-UN,6.0,UN,96.8576
416,2024-05-10,3,453456,CX-6-UN,6.0,UN,101.43539999999999
417,2024-05-24,3,453457,CX-6-UN,60.0,UN,101.43539999999999
418,2024-05-06,3,454370,CX-5-UN,2.0,UN,158.6532
419,2024-05-08,3,455282,CX-20-UN,120.0,UN,9.2308
420,2024-05-07,3,455282,CX-20-UN,900.0,UN,9.2308
421,2024-05-08,3,456722,CX-10-UN,90.0,UN,20.520199999999996
422,2024-05-07,3,456722,CX-10-UN,100.0,UN,20.520199999999996
423,2024-05-08,3,457489,CX-50-UN,200.0,UN,6.721
424,2024-05-07,3,457489,CX-50-UN,800.0,UN,6.721
425,2024-05-23,3,467255,CX-1-UN,20.0,UN,149.41299999999998
426,2024-05-15,92,388737,PL-67.2-M2,134.4,M2,27.025
427,2024-05-16,92,474264,PL-72-M2,288.0,M2,38.446
428,2024-05-15,92,474264,PL-72-M2,288.0,M2,38.446
429,2024-05-15,92,474267,PL-72-M2,720.0,M2,36.565999999999995
430,2024-06-26,2,386056,CX-18-UN,18.0,UN,13.498399999999998
431,2024-06-26,2,386092,CX-12-UN,60.0,UN,17.39
432,2024-06-04,2,419430,CX-6-UN,6.0,UN,55.459999999999994
433,2024-06-26,2,419436,CX-12-UN,12.0,UN,26.996799999999997
434,2024-06-26,2,419437,CX-12-UN,24.0,UN,26.996799999999997
435,2024-06-04,2,427951,CX-12-UN,12.0,UN,27.664199999999997
436,2024-06-04,2,427952,CX-12-UN,12.0,UN,23.3496
437,2024-06-05,2,433535,CX-25-UN,50.0,UN,5.5648
438,2024-06-05,2,433536,CX-12-UN,36.0,UN,6.298
439,2024-06-26,2,445880,CX-36-UN,36.0,UN,7.764399999999999
440,2024-06-04,2,445880,CX-36-UN,180.0,UN,7.764399999999999
441,2024-06-04,2,445881,CX-36-UN,72.0,UN,7.764399999999999
442,2024-06-26,2,445881,CX-36-UN,36.0,UN,7.764399999999999
443,2024-06-04,2,445886,CX-6-UN,24.0,UN,14.569999999999999
444,2024-06-26,2,445886,CX-6-UN,24.0,UN,14.569999999999999
445,2024-06-26,2,445887,CX-6-UN,24.0,UN,20.586
446,2024-06-04,2,445887,CX-6-UN,96.0,UN,20.586
447,2024-06-04,2,445895,CX-4-UN,8.0,UN,88.031
448,2024-06-04,2,445896,CX-4-UN,16.0,UN,88.031
449,2024-06-26,2,445896,CX-4-UN,8.0,UN,88.031
450,2024-06-04,2,445897,CX-12-UN,24.0,UN,17.672
451,2024-06-26,2,445897,CX-12-UN,12.0,UN,17.672
452,2024-06-26,2,445899,CX-12-UN,12.0,UN,17.672
453,2024-06-04,2,445899,CX-12-UN,12.0,UN,17.672
454,2024-06-04,2,449823,CX-20-UN,20.0,UN,14.569999999999999
455,2024-06-04,2,454309,CX-30-UN,270.0,UN,13.065999999999999
456,2024-06-04,2,454310,CX-30-UN,60.0,UN,13.065999999999999
457,2024-06-04,2,454313,CX-20-UN,1000.0,UN,31.875399999999996
458,2024-06-26,2,458287,CX-8-UN,32.0,UN,60.95899999999999
459,2024-06-04,2,458287,CX-8-UN,32.0,UN,60.95899999999999
460,2024-06-26,2,458288,CX-12-UN,12.0,UN,88.031
461,2024-06-26,2,458289,CX-4-UN,4.0,UN,88.031
462,2024-06-04,2,463142,CX-10-UN,90.0,UN,51.888
463,2024-06-14,2,466402,CX-100-UN,200.0,UN,28.105999999999998
464,2024-06-26,2,471923,CX-20-UN,140.0,UN,21.619999999999997
465,2024-06-04,2,471923,CX-20-UN,360.0,UN,21.619999999999997
466,2024-06-04,2,471925,CX-20-UN,480.0,UN,21.619999999999997
467,2024-06-26,2,474293,CX-10-UN,60.0,UN,54.05
468,2024-06-04,2,475293,CX-10-UN,50.0,UN,67.8304
469,2024-06-26,2,481383,CX-10-UN,40.0,UN,60.95899999999999
470,2024-06-04,2,482509,CX-30-UN,1000.0,UN,15.895399999999999
471,2024-06-13,3,343018,PL-129.6-M2,388.8,M2,26.884
472,2024-06-12,3,351757,CX-50-UN,50.0,UN,11.8346
473,2024-06-10,3,351757,CX-50-UN,350.0,UN,11.8346
474,2024-06-10,3,351758,CX-50-UN,100.0,UN,13.1224
475,2024-06-10,3,360262,CX-10-UN,60.0,UN,9.569199999999999
476,2024-06-12,3,360262,CX-10-UN,200.0,UN,9.569199999999999
477,2024-06-14,3,407852,CX-6-UN,72.0,UN,46.812
478,2024-06-10,3,409654,CX-10-UN,10.0,UN,48.1468
479,2024-06-12,3,409654,CX-10-UN,10.0,UN,48.1468
480,2024-06-12,3,454370,CX-5-UN,5.0,UN,158.6532
481,2024-06-10,3,455282,CX-20-UN,220.0,UN,9.2308
482,2024-06-10,3,455283,CX-10-UN,1380.0,UN,13.545399999999999
483,2024-06-12,3,455283,CX-10-UN,200.0,UN,13.545399999999999
484,2024-06-10,3,456722,CX-10-UN,300.0,UN,20.520199999999996
485,2024-06-10,3,457489,CX-50-UN,600.0,UN,6.721
486,2024-06-12,3,461748,CX-10-UN,50.0,UN,4.051399999999999
487,2024-06-10,3,461748,CX-10-UN,200.0,UN,4.051399999999999
488,2024-06-04,3,463806,CX-6-UN,150.0,UN,59.42679999999999
489,2024-06-26,3,467255,CX-1-UN,50.0,UN,149.41299999999998
490,2024-06-03,3,460689,UN-1-UN,60.0,UN,
491,2024-06-07,3,460689,UN-1-UN,60.0,UN,
492,2024-06-21,3,460689,UN-1-UN,60.0,UN,
493,2024-06-17,3,460689,UN-1-UN,60.0,UN,
494,2024-07-26,2,419436,CX-12-UN,36.0,UN,26.996799999999997
495,2024-07-26,2,419437,CX-12-UN,24.0,UN,26.996799999999997
496,2024-07-02,2,419438,CX-12-UN,12.0,UN,26.996799999999997
497,2024-07-26,2,419438,CX-12-UN,24.0,UN,26.996799999999997
498,2024-07-26,2,427951,CX-12-UN,12.0,UN,27.664199999999997
499,2024-07-02,2,445880,CX-36-UN,72.0,UN,7.764399999999999
500,2024-07-26,2,445881,CX-36-UN,36.0,UN,7.764399999999999
501,2024-07-02,2,445881,CX-36-UN,36.0,UN,7.764399999999999
502,2024-07-26,2,445886,CX-6-UN,24.0,UN,14.569999999999999
503,2024-07-26,2,445894,CX-12-UN,12.0,UN,11.28
504,2024-07-26,2,445897,CX-12-UN,24.0,UN,17.672
505,2024-07-26,2,445899,CX-12-UN,12.0,UN,17.672
506,2024-07-03,2,447235,CX-1-UN,15.0,UN,247.267
507,2024-07-26,2,449823,CX-20-UN,80.0,UN,14.569999999999999
508,2024-07-31,2,454313,CX-20-UN,400.0,UN,31.875399999999996
509,2024-07-08,2,467622,CX-6-UN,6.0,UN,85.07
510,2024-07-02,2,470566,CX-4-UN,4.0,UN,234.906
511,2024-07-03,2,470566,CX-4-UN,4.0,UN,234.906
512,2024-07-02,2,471794,CX-80-UN,160.0,UN,12.699399999999999
513,2024-07-02,2,471796,CX-30-UN,240.0,UN,18.659
514,2024-07-31,2,471796,CX-30-UN,30.0,UN,18.659
515,2024-07-02,2,471923,CX-20-UN,20.0,UN,21.619999999999997
516,2024-07-26,2,474293,CX-10-UN,50.0,UN,54.05
517,2024-07-01,2,475293,CX-10-UN,270.0,UN,67.8304
518,2024-07-26,2,481381,CX-20-UN,20.0,UN,17.86
519,2024-07-31,2,482509,CX-30-UN,400.0,UN,15.895399999999999
520,2024-07-23,3,177392,CX-50-UN,50.0,UN,19.223
521,2024-07-23,3,351757,CX-50-UN,50.0,UN,11.8346
522,2024-07-29,3,351757,CX-50-UN,50.0,UN,11.8346
523,2024-07-23,3,351758,CX-50-UN,100.0,UN,13.1224
524,2024-07-29,3,351758,CX-50-UN,50.0,UN,13.1224
525,2024-07-23,3,409654,CX-10-UN,20.0,UN,48.1468
526,2024-07-23,3,455282,CX-20-UN,200.0,UN,9.2308
527,2024-07-29,3,455282,CX-20-UN,200.0,UN,9.2308
528,2024-07-29,3,455283,CX-10-UN,140.0,UN,13.545399999999999
529,2024-07-23,3,455283,CX-10-UN,130.0,UN,13.545399999999999
530,2024-07-29,3,456722,CX-10-UN,340.0,UN,20.520199999999996
531,2024-07-23,3,456722,CX-10-UN,700.0,UN,20.520199999999996
532,2024-07-23,3,457489,CX-50-UN,250.0,UN,6.721
533,2024-07-29,3,457489,CX-50-UN,200.0,UN,6.721
534,2024-07-02,3,467256,CX-1-UN,300.0,UN,165.722
535,2024-07-30,3,476812,CX-1-UN,140.0,UN,290.83599999999996
536,2024-07-25,92,388737,PL-67.2-M2,201.6,M2,27.025
537,2024-07-30,92,388737,PL-67.2-M2,336.0,M2,27.025
538,2024-07-05,92,388737,PL-67.2-M2,336.0,M2,27.025
539,2024-07-15,2,483384,CX-24-UN,120.0,UN,
540,2024-07-09,3,460689,UN-1-UN,60.0,UN,
541,2024-07-01,3,460689,UN-1-UN,100.0,UN,
542,2024-07-08,3,460689,UN-1-UN,132.0,UN,
543,2024-07-30,3,460689,UN-1-UN,132.0,UN,
544,2024-07-05,3,460689,UN-1-UN,132.0,UN,
545,2024-07-15,2,483390,CX-24-UN,672.0,UN,
546,2024-07-15,2,483423,CX-48-UN,624.0,UN,
547,2024-07-15,2,483425,CX-48-UN,720.0,UN,
548,2024-08-27,2,386056,CX-18-UN,90.0,UN,13.498399999999998
549,2024-08-02,2,386092,CX-12-UN,12.0,UN,17.39
550,2024-08-23,2,386092,CX-12-UN,60.0,UN,17.39
551,2024-08-23,2,390158,CX-8-UN,16.0,UN,52.6306
552,2024-08-27,2,390170,CX-12-UN,12.0,UN,22.700999999999997
553,2024-08-23,2,406818,CX-6-UN,6.0,UN,93.05999999999999
554,2024-08-01,2,418840,CX-1-UN,6.0,UN,695.506
555,2024-08-20,2,419130,CX-1-UN,18.0,UN,562.496
556,2024-08-23,2,419436,CX-12-UN,48.0,UN,26.996799999999997
557,2024-08-27,2,419438,CX-12-UN,36.0,UN,26.996799999999997
558,2024-08-23,2,419438,CX-12-UN,24.0,UN,26.996799999999997
559,2024-08-27,2,433536,CX-12-UN,60.0,UN,6.298
560,2024-08-23,2,445880,CX-36-UN,72.0,UN,7.764399999999999
561,2024-08-02,2,445881,CX-36-UN,36.0,UN,7.764399999999999
562,2024-08-27,2,445887,CX-6-UN,30.0,UN,20.586
563,2024-08-27,2,445894,CX-12-UN,12.0,UN,11.28
564,2024-08-27,2,445895,CX-4-UN,4.0,UN,88.031
565,2024-08-23,2,445895,CX-4-UN,16.0,UN,88.031
566,2024-08-27,2,445896,CX-4-UN,4.0,UN,88.031
567,2024-08-02,2,445899,CX-12-UN,12.0,UN,17.672
568,2024-08-23,2,445899,CX-12-UN,12.0,UN,17.672
569,2024-08-23,2,449823,CX-20-UN,100.0,UN,14.569999999999999
570,2024-08-01,2,454313,CX-20-UN,1600.0,UN,31.875399999999996
571,2024-08-27,2,458289,CX-4-UN,12.0,UN,88.031
572,2024-08-01,2,463142,CX-10-UN,30.0,UN,51.888
573,2024-08-21,2,470050,CX-1-UN,290.0,UN,298.82599999999996
574,2024-08-01,2,470566,CX-4-UN,8.0,UN,234.906
575,2024-08-23,2,471923,CX-20-UN,180.0,UN,21.619999999999997
576,2024-08-27,2,471923,CX-20-UN,200.0,UN,21.619999999999997
577,2024-08-27,2,471925,CX-20-UN,400.0,UN,21.619999999999997
578,2024-08-23,2,471925,CX-20-UN,400.0,UN,21.619999999999997
579,2024-08-01,2,472885,CX-1-UN,4.0,UN,939.906
580,2024-08-23,2,474293,CX-10-UN,100.0,UN,54.05
581,2024-08-01,2,480406,CX-1-UN,7.0,UN,469.90599999999995
582,2024-08-20,2,480406,CX-1-UN,3.0,UN,469.90599999999995
583,2024-08-23,2,481381,CX-20-UN,80.0,UN,17.86
584,2024-08-23,2,481383,CX-10-UN,100.0,UN,60.95899999999999
585,2024-08-01,2,482509,CX-30-UN,1600.0,UN,15.895399999999999
586,2024-08-28,2,483877,CX-300-UN,384.0,UN,6.0348
587,2024-08-29,2,483877,CX-300-UN,120.0,UN,6.0348
588,2024-08-14,3,334173,CX-10-UN,80.0,UN,11.1296
589,2024-08-14,3,351757,CX-50-UN,50.0,UN,11.8346
590,2024-08-13,3,351757,CX-50-UN,400.0,UN,11.8346
591,2024-08-14,3,351758,CX-50-UN,100.0,UN,13.1224
592,2024-08-13,3,351758,CX-50-UN,300.0,UN,13.1224
593,2024-08-13,3,360262,CX-10-UN,350.0,UN,9.569199999999999
594,2024-08-14,3,360262,CX-10-UN,180.0,UN,9.569199999999999
595,2024-08-13,3,360263,CX-10-UN,970.0,UN,9.569199999999999
596,2024-08-14,3,360263,CX-10-UN,520.0,UN,9.569199999999999
597,2024-08-14,3,409654,CX-10-UN,20.0,UN,48.1468
598,2024-08-13,3,409654,CX-10-UN,10.0,UN,48.1468
599,2024-08-13,3,437734,CX-50-UN,50.0,UN,20.520199999999996
600,2024-08-13,3,455282,CX-20-UN,1300.0,UN,9.2308
601,2024-08-14,3,455282,CX-20-UN,1000.0,UN,9.2308
602,2024-08-14,3,455283,CX-10-UN,1400.0,UN,13.545399999999999
603,2024-08-13,3,455283,CX-10-UN,2600.0,UN,13.545399999999999
604,2024-08-17,3,456722,CX-10-UN,500.0,UN,20.520199999999996
605,2024-08-15,3,456722,CX-10-UN,2400.0,UN,20.520199999999996
606,2024-08-13,3,457489,CX-50-UN,1800.0,UN,6.721
607,2024-08-14,3,457489,CX-50-UN,1200.0,UN,6.721
608,2024-08-13,3,461748,CX-10-UN,90.0,UN,4.051399999999999
609,2024-08-19,3,465210,PL-82.88-M2,1657.6,M2,18.705999999999996
610,2024-08-09,3,465210,PL-82.88-M2,3398.08,M2,18.705999999999996
611,2024-08-26,92,326263,CX-25-UN,5175.0,UN,0.5357999999999999
612,2024-08-29,92,353430,PL-110.4-M2,110.4,M2,25.474
613,2024-08-20,92,367905,CX-1-UN,30.0,UN,381.264
614,2024-08-23,92,415015,CX-12-UN,504.0,UN,19.7494
615,2024-08-28,92,432628,CX-1-UN,55.0,UN,378.78239999999994
616,2024-08-20,92,439373,CX-1-UN,3.0,UN,2040.5520000000001
617,2024-08-30,92,440063,PL-84-M2,144.0,M2,41.6796
618,2024-08-21,92,454103,CX-1-UN,53.0,UN,1733.8206
619,2024-08-30,92,459675,PL-72-M2,144.0,M2,42.4222
620,2024-08-22,92,462419,CX-20-UN,40.0,UN,9.757200000000001
621,2024-08-26,92,462654,CX-108-UN,216.0,UN,37.17699999999999
622,2024-08-26,92,462807,CX-120-UN,96.0,UN,16.544
623,2024-08-26,92,462808,CX-120-UN,60.0,UN,15.180999999999997
624,2024-08-26,92,462809,CX-120-UN,120.0,UN,15.180999999999997
625,2024-08-26,92,462810,CX-120-UN,60.0,UN,15.7074
626,2024-08-26,92,462811,CX-120-UN,96.0,UN,15.180999999999997
627,2024-08-23,92,462811,CX-120-UN,60.0,UN,15.180999999999997
628,2024-08-26,92,462831,CX-240-UN,500.0,UN,4.653
629,2024-08-26,92,462832,CX-240-UN,240.0,UN,4.653
630,2024-08-26,92,462836,CX-240-UN,48.0,UN,3.7411999999999996
631,2024-08-26,92,462841,CX-80-UN,12.0,UN,21.5636
632,2024-08-26,92,462842,CX-80-UN,24.0,UN,21.5636
633,2024-08-26,92,462844,CX-80-UN,48.0,UN,25.8594
634,2024-08-26,92,462850,CX-12-UN,996.0,UN,3.7411999999999996
635,2024-08-26,92,462857,CX-54-UN,60.0,UN,51.51199999999999
636,2024-08-26,92,462859,CX-12-UN,60.0,UN,37.17699999999999
637,2024-08-20,92,463064,CX-1-UN,3.0,UN,621.7159999999999
638,2024-08-23,92,463857,CX-12-UN,12.0,UN,55.1592
639,2024-08-26,92,463858,CX-6-UN,12.0,UN,64.35239999999999
640,2024-08-28,92,466539,CX-1-UN,532.0,UN,247.4362
641,2024-08-20,92,467736,CX-1-UN,100.0,UN,1119.7562
642,2024-08-24,92,467962,CX-1-UN,10.0,UN,534.9446
643,2024-08-24,92,467963,CX-1-UN,10.0,UN,1101.6988
644,2024-08-20,92,468647,PL-81.3-M2,487.8,M2,17.1926
645,2024-08-12,92,474263,PL-72-M2,432.0,M2,36.565999999999995
646,2024-08-23,92,474263,PL-72-M2,72.0,M2,36.565999999999995
647,2024-08-28,92,474263,PL-72-M2,72.0,M2,36.565999999999995
648,2024-08-16,92,474263,PL-72-M2,432.0,M2,36.565999999999995
649,2024-08-12,92,474264,PL-72-M2,288.0,M2,38.446
650,2024-08-28,92,474264,PL-72-M2,216.0,M2,38.446
651,2024-08-12,92,474267,PL-72-M2,792.0,M2,36.565999999999995
652,2024-08-23,92,483605,PL-76.32-M2,457.92,M2,17.39
653,2024-08-26,92,483606,PL-76.32-M2,457.92,M2,17.39
654,2024-08-26,92,483611,PL-127.98-M2,511.92,M2,17.8882
655,2024-08-19,92,485162,PL-56-M2,112.0,M2,
656,2024-08-31,2,456367,CX-24-UN,24.0,UN,
657,2024-08-19,92,475775,PL-48.6-M2,340.2,M2,
658,2024-08-23,92,480278,CX-1-UN,315.0,UN,
659,2024-08-16,3,460689,UN-1-UN,80.0,UN,
660,2024-08-08,3,460689,UN-1-UN,80.0,UN,
661,2024-08-30,92,442523,PL-57.6-M2,172.8,M2,
662,2024-08-23,92,480277,CX-1-UN,315.0,UN,
663,2024-08-19,92,475770,PL-48.6-M2,388.8,M2,
664,2024-08-12,92,475770,PL-48.6-M2,534.6,M2,
665,2024-08-31,2,450705,CX-24-UN,24.0,UN,
666,2024-08-16,92,475778,PL-48.6-M2,874.8,M2,
667,2024-08-19,92,475778,PL-48.6-M2,291.6,M2,
668,2024-08-19,92,483049,PL-48.6-M2,243.0,M2,
669,2024-08-19,92,479616,PL-48.6-M2,145.8,M2,
670,2024-08-16,92,479616,PL-48.6-M2,631.8,M2,
671,2024-08-16,92,485640,PL-48.6-M2,299.7,M2,
672,2024-09-30,2,442138,CX-4-UN,120.0,UN,141.36659999999998
673,2024-09-26,2,442138,CX-4-UN,240.0,UN,141.36659999999998
674,2024-09-18,2,466115,CX-5-UN,60.0,UN,124.926
675,2024-09-11,2,466115,CX-5-UN,20.0,UN,124.926
676,2024-09-13,3,454370,CX-5-UN,8.0,UN,158.6532
677,2024-09-28,3,480640,PL-106.08-M2,2652.0,M2,16.45
678,2024-09-26,92,119953,CX-12-UN,1104.0,UN,9.757200000000001
679,2024-09-26,92,119959,CX-100-UN,3000.0,UN,1.6638
680,2024-09-20,92,151845,CX-20-UN,78.0,UN,1.0903999999999998
681,2024-09-02,92,215356,CX-10-UN,70.0,UN,16.9576
682,2024-09-03,92,215356,CX-10-UN,30.0,UN,16.9576
683,2024-09-12,92,326263,CX-25-UN,24750.0,UN,0.5357999999999999
684,2024-09-17,92,392084,CX-48-UN,2016.0,UN,3.2523999999999997
685,2024-09-17,92,393065,CX-48-UN,1200.0,UN,1.5228
686,2024-09-17,92,396527,CX-50-UN,2000.0,UN,3.0926
687,2024-09-18,92,403389,CX-1-UN,100.0,UN,62.434799999999996
688,2024-09-11,92,415015,CX-12-UN,504.0,UN,19.7494
689,2024-09-12,92,428516,CX-20-UN,200.0,UN,6.9654
690,2024-09-04,92,428770,CX-20-UN,200.0,UN,9.0616
691,2024-09-12,92,429455,CX-20-UN,20000.0,UN,3.5719999999999996
692,2024-09-04,92,429456,CX-20-UN,500.0,UN,6.7867999999999995
693,2024-09-04,92,429458,CX-20-UN,400.0,UN,3.0549999999999997
694,2024-09-12,92,429459,CX-20-UN,5000.0,UN,3.0738
695,2024-09-12,92,429465,CX-20-UN,300.0,UN,4.2676
696,2024-09-12,92,429468,CX-20-UN,300.0,UN,6.627
697,2024-09-12,92,429469,CX-20-UN,200.0,UN,7.332
698,2024-09-12,92,429472,CX-20-UN,100.0,UN,8.018199999999998
699,2024-09-04,92,429480,CX-20-UN,200.0,UN,3.6283999999999996
700,2024-09-04,92,429481,CX-20-UN,500.0,UN,1.6638
701,2024-09-04,92,429482,CX-20-UN,200.0,UN,1.6638
702,2024-09-04,92,429483,CX-20-UN,200.0,UN,1.6638
703,2024-09-04,92,429485,CX-20-UN,40.0,UN,7.416599999999999
704,2024-09-04,92,429504,CX-20-UN,60.0,UN,3.5343999999999998
705,2024-09-27,92,429506,CX-20-UN,40.0,UN,3.5343999999999998
706,2024-09-06,92,430295,UN-1-UN,15.0,UN,210.278
707,2024-09-04,92,437666,CX-20-UN,200.0,UN,1.4946
708,2024-09-04,92,437667,CX-20-UN,40.0,UN,3.5343999999999998
709,2024-09-06,92,440041,PL-110-M2,220.0,M2,51.7658
710,2024-09-06,92,443569,UN-1-UN,8.0,UN,196.7044
711,2024-09-17,92,451133,UN-1-UN,10.0,UN,561.8474
712,2024-09-06,92,459682,PL-108.8-M2,326.4,M2,39.179199999999994
713,2024-09-03,92,459685,PL-86.4-M2,345.6,M2,42.8546
714,2024-09-12,92,462860,CX-54-UN,48.0,UN,54.22859999999999
715,2024-09-06,92,466424,PL-77.76-M2,194.4,M2,55.5258
716,2024-09-18,92,474263,PL-72-M2,216.0,M2,36.565999999999995
717,2024-09-03,92,474263,PL-72-M2,648.0,M2,36.565999999999995
718,2024-09-09,92,474263,PL-72-M2,72.0,M2,36.565999999999995
719,2024-09-17,92,475208,UN-1-UN,12.0,UN,188.9682
720,2024-09-17,92,475211,UN-1-UN,15.0,UN,251.5534
721,2024-09-19,92,479589,CX-1-UN,370.0,UN,2006.8999999999999
722,2024-09-19,92,479742,CX-1-UN,164.0,UN,2006.8999999999999
723,2024-09-03,2,456367,CX-24-UN,144.0,UN,
724,2024-09-02,92,475773,PL-48.6-M2,340.2,M2,
725,2024-09-03,2,450708,CX-15-UN,15.0,UN,
726,2024-09-03,2,475508,CX-48-UN,144.0,UN,
727,2024-09-03,2,479940,CX-24-UN,72.0,UN,
728,2024-09-03,2,479944,CX-24-UN,96.0,UN,
729,2024-10-08,2,433536,CX-12-UN,12.0,UN,6.298
730,2024-10-22,2,433536,CX-12-UN,24.0,UN,6.298
731,2024-10-04,2,442138,CX-4-UN,52.0,UN,141.36659999999998
732,2024-10-18,3,334173,CX-10-UN,40.0,UN,11.1296
733,2024-10-18,3,351757,CX-50-UN,650.0,UN,11.8346
734,2024-10-18,3,351758,CX-50-UN,300.0,UN,13.1224
735,2024-10-18,3,360262,CX-10-UN,160.0,UN,9.569199999999999
736,2024-10-18,3,360263,CX-10-UN,300.0,UN,9.569199999999999
737,2024-10-18,3,409654,CX-10-UN,20.0,UN,48.1468
738,2024-10-04,3,431261,PL-120-M2,960.0,M2,29.835599999999996
739,2024-10-02,3,431261,PL-120-M2,2160.0,M2,29.835599999999996
740,2024-10-08,3,431263,PL-120-M2,840.0,M2,33.4358
741,2024-10-08,3,431265,PL-120-M2,840.0,M2,29.835599999999996
742,2024-10-18,3,437734,CX-50-UN,50.0,UN,20.520199999999996
743,2024-10-18,3,455282,CX-20-UN,2900.0,UN,9.2308
744,2024-10-18,3,455283,CX-10-UN,2800.0,UN,13.545399999999999
745,2024-10-18,3,457489,CX-50-UN,300.0,UN,6.721
746,2024-10-18,3,461748,CX-10-UN,50.0,UN,4.051399999999999
747,2024-10-25,3,465586,CX-1-UN,5.0,UN,2380.0141999999996
750,2024-11-08,2,433536,CX-12-UN,12.0,UN,6.298
751,2024-11-14,2,442138,CX-4-UN,320.0,UN,141.36659999999998
752,2024-11-22,3,334173,CX-10-UN,60.0,UN,11.1296
753,2024-11-26,3,351757,CX-50-UN,100.0,UN,11.8346
754,2024-11-22,3,351757,CX-50-UN,50.0,UN,11.8346
755,2024-11-25,3,351757,CX-50-UN,100.0,UN,11.8346
756,2024-11-22,3,351758,CX-50-UN,100.0,UN,13.1224
757,2024-11-22,3,360262,CX-10-UN,220.0,UN,9.569199999999999
758,2024-11-22,3,360263,CX-10-UN,400.0,UN,9.569199999999999
759,2024-11-22,3,409654,CX-10-UN,20.0,UN,48.1468
760,2024-11-08,3,454370,CX-5-UN,10.0,UN,158.6532
761,2024-11-07,3,454370,CX-5-UN,5.0,UN,158.6532
762,2024-11-22,3,455282,CX-20-UN,1900.0,UN,9.2308
763,2024-11-22,3,455283,CX-10-UN,2200.0,UN,13.545399999999999
764,2024-11-22,3,456722,CX-10-UN,1200.0,UN,20.520199999999996
765,2024-11-22,3,457489,CX-50-UN,3400.0,UN,6.721
766,2024-11-26,3,457489,CX-50-UN,500.0,UN,6.721
767,2024-11-22,3,461748,CX-10-UN,250.0,UN,4.051399999999999
768,2024-11-05,3,465586,CX-1-UN,25.0,UN,2380.0141999999996
769,2024-11-05,3,470234,PL-83.7-M2,837.0,M2,13.16
770,2024-11-06,3,470234,PL-83.7-M2,1171.8,M2,13.16
771,2024-11-01,3,470234,PL-83.7-M2,1171.8,M2,13.16
772,2024-11-05,2,480681,CX-2-UN,430.0,UN,
773,2024-12-27,2,152965,CX-1-UN,8.0,UN,377.88939999999997
774,2024-12-28,2,343150,CX-6-UN,6.0,UN,195.3696
775,2024-12-30,2,344697,CX-6-UN,6.0,UN,201.5078
776,2024-12-28,2,344697,CX-6-UN,6.0,UN,201.5078
777,2024-12-27,2,433535,CX-25-UN,25.0,UN,5.5648
778,2024-12-27,2,442138,CX-4-UN,408.0,UN,141.36659999999998
779,2024-12-28,2,467625,CX-12-UN,12.0,UN,18.170199999999998
780,2024-12-27,2,467625,CX-12-UN,12.0,UN,18.170199999999998
781,2024-12-30,2,467625,CX-12-UN,12.0,UN,18.170199999999998
782,2024-12-27,2,46898,CX-4-UN,52.0,UN,53.9372
783,2024-12-27,2,470026,CX-4-UN,40.0,UN,100.8714
784,2024-12-19,3,351757,CX-50-UN,50.0,UN,11.8346
785,2024-12-18,3,351757,CX-50-UN,50.0,UN,11.8346
786,2024-12-18,3,360262,CX-10-UN,110.0,UN,9.569199999999999
787,2024-12-19,3,360262,CX-10-UN,30.0,UN,9.569199999999999
788,2024-12-20,3,360262,CX-10-UN,30.0,UN,9.569199999999999
789,2024-12-20,3,360263,CX-10-UN,10.0,UN,9.569199999999999
790,2024-12-19,3,409654,CX-10-UN,10.0,UN,48.1468
791,2024-12-20,3,409654,CX-10-UN,10.0,UN,48.1468
792,2024-12-19,3,437734,CX-50-UN,50.0,UN,20.520199999999996
793,2024-12-19,3,441457,CX-8-UN,8.0,UN,204.81659999999997
794,2024-12-20,3,441457,CX-8-UN,8.0,UN,204.81659999999997
795,2024-12-19,3,455282,CX-20-UN,40.0,UN,9.2308
796,2024-12-18,3,455282,CX-20-UN,240.0,UN,9.2308
797,2024-12-19,3,455283,CX-10-UN,200.0,UN,13.545399999999999
798,2024-12-18,3,456722,CX-10-UN,570.0,UN,20.520199999999996
799,2024-12-19,3,457489,CX-50-UN,50.0,UN,6.721
800,2024-12-18,3,461748,CX-10-UN,20.0,UN,4.051399999999999
801,2024-12-13,92,386056,CX-18-UN,108.0,UN,13.498399999999998
802,2024-12-13,92,386092,CX-12-UN,48.0,UN,17.39
803,2024-12-12,92,386092,CX-12-UN,12.0,UN,17.39
804,2024-12-12,92,390170,CX-12-UN,12.0,UN,22.700999999999997
805,2024-12-13,92,390170,CX-12-UN,48.0,UN,22.700999999999997
806,2024-12-13,92,406818,CX-6-UN,12.0,UN,93.05999999999999
807,2024-12-13,92,419435,CX-12-UN,36.0,UN,26.996799999999997
808,2024-12-12,92,419437,CX-12-UN,24.0,UN,26.996799999999997
809,2024-12-13,92,419437,CX-12-UN,48.0,UN,26.996799999999997
810,2024-12-12,92,445886,CX-6-UN,6.0,UN,14.569999999999999
811,2024-12-12,92,445887,CX-6-UN,6.0,UN,18.7154
812,2024-12-13,92,445887,CX-6-UN,24.0,UN,18.7154
813,2024-12-12,92,445899,CX-12-UN,12.0,UN,17.672
814,2024-12-13,92,445903,CX-10-UN,10.0,UN,4.2299999999999995
815,2024-12-13,92,449823,CX-20-UN,20.0,UN,14.569999999999999
816,2024-12-24,92,450482,CX-1-UN,2.0,UN,244.30599999999995
817,2024-12-13,92,458288,CX-12-UN,8.0,UN,81.827
818,2024-12-13,92,458289,CX-4-UN,12.0,UN,88.031
819,2024-12-24,92,470566,CX-4-UN,4.0,UN,234.906
820,2024-12-12,92,471923,CX-20-UN,20.0,UN,18.799999999999997
821,2024-12-13,92,471923,CX-20-UN,200.0,UN,18.799999999999997
822,2024-12-12,92,471925,CX-20-UN,60.0,UN,21.102999999999998
823,2024-12-13,92,471925,CX-20-UN,440.0,UN,21.102999999999998
824,2024-12-12,92,481381,CX-20-UN,20.0,UN,17.578
825,2025-01-06,2,343150,CX-6-UN,12.0,UN,195.3696
826,2025-01-13,2,344697,CX-6-UN,6.0,UN,201.5078
827,2025-01-06,2,344697,CX-6-UN,6.0,UN,201.5078
828,2025-01-28,2,383718,UN-1-UN,2.0,UN,336.4636
829,2025-01-06,2,447038,CX-6-UN,6.0,UN,153.90619999999998
830,2025-01-13,2,467622,CX-6-UN,6.0,UN,85.07
831,2025-01-13,2,467625,CX-12-UN,12.0,UN,18.170199999999998
832,2025-01-06,2,467625,CX-12-UN,12.0,UN,18.170199999999998
833,2025-01-17,3,177392,CX-50-UN,50.0,UN,19.223
834,2025-01-16,3,334173,CX-10-UN,10.0,UN,11.1296
835,2025-01-17,3,334173,CX-10-UN,10.0,UN,11.1296
836,2025-01-17,3,351757,CX-50-UN,600.0,UN,11.8346
837,2025-01-03,3,351757,CX-50-UN,100.0,UN,11.8346
838,2025-01-16,3,351757,CX-50-UN,100.0,UN,11.8346
839,2025-01-06,3,351757,CX-50-UN,50.0,UN,11.8346
840,2025-01-17,3,351758,CX-50-UN,50.0,UN,13.1224
841,2025-01-06,3,351758,CX-50-UN,50.0,UN,13.1224
842,2025-01-16,3,351758,CX-50-UN,50.0,UN,13.1224
843,2025-01-03,3,351758,CX-50-UN,50.0,UN,13.1224
844,2025-01-06,3,360262,CX-10-UN,30.0,UN,9.569199999999999
845,2025-01-17,3,360262,CX-10-UN,240.0,UN,9.569199999999999
846,2025-01-16,3,360262,CX-10-UN,230.0,UN,9.569199999999999
847,2025-01-03,3,360262,CX-10-UN,30.0,UN,9.569199999999999
848,2025-01-20,3,360262,CX-10-UN,60.0,UN,9.569199999999999
849,2025-01-06,3,360263,CX-10-UN,20.0,UN,9.569199999999999
850,2025-01-03,3,360263,CX-10-UN,60.0,UN,9.569199999999999
851,2025-01-16,3,360263,CX-10-UN,250.0,UN,9.569199999999999
852,2025-01-17,3,360263,CX-10-UN,270.0,UN,9.569199999999999
853,2025-01-03,3,409654,CX-10-UN,10.0,UN,48.1468
854,2025-01-20,3,409654,CX-10-UN,10.0,UN,48.1468
855,2025-01-17,3,409654,CX-10-UN,20.0,UN,48.1468
856,2025-01-16,3,409654,CX-10-UN,10.0,UN,48.1468
857,2025-01-20,3,437734,CX-50-UN,50.0,UN,20.520199999999996
858,2025-01-17,3,437734,CX-50-UN,50.0,UN,20.520199999999996
859,2025-01-13,3,454370,CX-5-UN,5.0,UN,158.6532
860,2025-01-17,3,454370,CX-5-UN,5.0,UN,158.6532
861,2025-01-10,3,454370,CX-5-UN,5.0,UN,158.6532
862,2025-01-06,3,455282,CX-20-UN,300.0,UN,9.2308
863,2025-01-17,3,455282,CX-20-UN,1160.0,UN,9.2308
864,2025-01-16,3,455282,CX-20-UN,320.0,UN,9.2308
865,2025-01-03,3,455282,CX-20-UN,100.0,UN,9.2308
866,2025-01-16,3,455283,CX-10-UN,230.0,UN,13.545399999999999
867,2025-01-17,3,455283,CX-10-UN,1450.0,UN,13.545399999999999
868,2025-01-03,3,455283,CX-10-UN,70.0,UN,13.545399999999999
869,2025-01-06,3,456722,CX-10-UN,50.0,UN,20.520199999999996
870,2025-01-03,3,456722,CX-10-UN,30.0,UN,20.520199999999996
871,2025-01-17,3,456722,CX-10-UN,1370.0,UN,20.520199999999996
872,2025-01-16,3,456722,CX-10-UN,90.0,UN,20.520199999999996
873,2025-01-17,3,457489,CX-50-UN,150.0,UN,6.721
874,2025-01-16,3,457489,CX-50-UN,400.0,UN,6.721
875,2025-01-16,3,463806,CX-6-UN,258.0,UN,59.42679999999999
876,2025-01-07,3,476806,CX-1-UN,10.0,UN,337.366
877,2025-01-07,3,476812,CX-1-UN,50.0,UN,290.83599999999996
878,2025-01-17,92,371452,CX-20-UN,20.0,UN,13.065999999999999
879,2025-01-30,92,371452,CX-20-UN,20.0,UN,13.065999999999999
880,2025-01-02,92,386056,CX-18-UN,72.0,UN,13.498399999999998
881,2025-01-03,92,386056,CX-18-UN,36.0,UN,13.498399999999998
882,2025-01-02,92,386092,CX-12-UN,48.0,UN,17.39
883,2025-01-03,92,386092,CX-12-UN,72.0,UN,17.39
884,2025-01-31,92,386092,CX-12-UN,60.0,UN,17.39
885,2025-01-02,92,390170,CX-12-UN,12.0,UN,22.700999999999997
886,2025-01-03,92,390170,CX-12-UN,48.0,UN,22.700999999999997
887,2025-01-06,92,406818,CX-6-UN,6.0,UN,93.05999999999999
888,2025-01-10,92,418840,CX-1-UN,7.0,UN,695.506
889,2025-01-13,92,418840,CX-1-UN,2.0,UN,695.506
890,2025-01-10,92,419130,CX-1-UN,6.0,UN,562.496
891,2025-01-03,92,419435,CX-12-UN,48.0,UN,26.996799999999997
892,2025-01-02,92,419435,CX-12-UN,48.0,UN,26.996799999999997
893,2025-01-31,92,419436,CX-12-UN,24.0,UN,26.996799999999997
894,2025-01-03,92,419437,CX-12-UN,96.0,UN,26.996799999999997
895,2025-01-02,92,419437,CX-12-UN,48.0,UN,26.996799999999997
896,2025-01-31,92,419437,CX-12-UN,24.0,UN,26.996799999999997
897,2025-01-03,92,419438,CX-12-UN,12.0,UN,27.025
898,2025-01-03,92,445886,CX-6-UN,6.0,UN,14.569999999999999
899,2025-01-31,92,445887,CX-6-UN,108.0,UN,18.7154
900,2025-01-03,92,445887,CX-6-UN,54.0,UN,18.7154
901,2025-01-14,92,447235,CX-1-UN,28.0,UN,247.267
902,2025-01-30,92,447235,CX-1-UN,3.0,UN,247.267
903,2025-01-10,92,447235,CX-1-UN,26.0,UN,247.267
904,2025-01-17,92,447235,CX-1-UN,2.0,UN,247.267
905,2025-01-31,92,449823,CX-20-UN,80.0,UN,14.569999999999999
906,2025-01-03,92,449823,CX-20-UN,40.0,UN,14.569999999999999
907,2025-01-14,92,450482,CX-1-UN,1.0,UN,244.30599999999995
908,2025-01-13,92,454305,CX-20-UN,4.0,UN,10.9134
909,2025-01-10,92,454305,CX-20-UN,16.0,UN,10.9134
910,2025-01-14,92,454305,CX-20-UN,20.0,UN,10.9134
911,2025-01-14,92,454313,CX-20-UN,540.0,UN,31.875399999999996
912,2025-01-10,92,454313,CX-20-UN,280.0,UN,31.875399999999996
913,2025-01-16,92,458288,CX-12-UN,4.0,UN,81.827
914,2025-01-31,92,458289,CX-4-UN,12.0,UN,88.031
915,2025-01-02,92,458289,CX-4-UN,12.0,UN,88.031
916,2025-01-10,92,463142,CX-10-UN,40.0,UN,51.888
917,2025-01-14,92,463142,CX-10-UN,10.0,UN,51.888
918,2025-01-14,92,470053,CX-12-UN,8.0,UN,84.506
919,2025-01-23,92,470566,CX-4-UN,7.0,UN,234.906
920,2025-01-23,92,471794,CX-80-UN,240.0,UN,14.946
921,2025-01-23,92,471796,CX-30-UN,60.0,UN,18.659
922,2025-01-31,92,471923,CX-20-UN,100.0,UN,18.799999999999997
923,2025-01-03,92,471923,CX-20-UN,260.0,UN,18.799999999999997
924,2025-01-02,92,471923,CX-20-UN,160.0,UN,18.799999999999997
925,2025-01-16,92,471925,CX-20-UN,20.0,UN,21.102999999999998
926,2025-01-02,92,471925,CX-20-UN,420.0,UN,21.102999999999998
927,2025-01-03,92,471925,CX-20-UN,220.0,UN,21.102999999999998
928,2025-01-31,92,471925,CX-20-UN,120.0,UN,21.102999999999998
929,2025-01-28,92,474263,PL-72-M2,288.0,M2,36.565999999999995
930,2025-01-14,92,475293,CX-10-UN,10.0,UN,67.8304
931,2025-01-10,92,475293,CX-10-UN,10.0,UN,67.8304
932,2025-01-14,92,480406,CX-1-UN,2.0,UN,469.90599999999995
933,2025-01-10,92,480406,CX-1-UN,3.0,UN,469.90599999999995
934,2025-01-03,92,481381,CX-20-UN,60.0,UN,17.578
935,2025-01-02,92,481381,CX-20-UN,20.0,UN,17.578
936,2025-01-14,92,482509,CX-30-UN,694.0,UN,15.895399999999999
937,2025-01-13,2,456367,CX-24-UN,24.0,UN,
938,2025-01-10,2,456367,CX-24-UN,48.0,UN,
939,2025-01-13,2,450708,CX-15-UN,15.0,UN,
940,2025-01-10,2,450708,CX-15-UN,45.0,UN,
941,2025-01-10,2,475508,CX-48-UN,48.0,UN,
942,2025-01-13,2,475508,CX-48-UN,48.0,UN,
943,2025-01-10,2,479940,CX-24-UN,72.0,UN,
944,2025-01-10,2,479944,CX-24-UN,48.0,UN,
945,2025-01-13,2,479944,CX-24-UN,24.0,UN,
946,2025-02-14,2,388534,UN-1-UN,2.0,UN,182.35999999999999
947,2025-02-10,2,388534,UN-1-UN,2.0,UN,182.35999999999999
948,2025-02-14,2,388535,UN-1-UN,8.0,UN,182.35999999999999
949,2025-02-14,2,388536,UN-1-UN,3.0,UN,182.35999999999999
950,2025-02-18,2,447868,CX-12-UN,1092.0,UN,26.2354
951,2025-02-15,2,447868,CX-12-UN,1512.0,UN,26.2354
952,2025-02-17,2,447868,CX-12-UN,2424.0,UN,26.2354
953,2025-02-17,2,467603,CX-24-UN,432.0,UN,15.782599999999999
954,2025-02-15,2,467603,CX-24-UN,264.0,UN,15.782599999999999
955,2025-02-18,2,467603,CX-24-UN,288.0,UN,15.782599999999999
956,2025-02-15,2,467605,CX-24-UN,276.0,UN,19.7306
957,2025-02-17,2,467605,CX-24-UN,432.0,UN,19.7306
958,2025-02-18,2,467605,CX-24-UN,288.0,UN,19.7306
959,2025-02-06,2,467622,CX-6-UN,6.0,UN,85.07
960,2025-02-06,2,467625,CX-12-UN,12.0,UN,18.170199999999998
961,2025-02-17,2,467984,CX-25-UN,25.0,UN,3.1771999999999996
962,2025-02-18,2,467984,CX-25-UN,50.0,UN,3.1771999999999996
963,2025-02-19,2,467984,CX-25-UN,25.0,UN,3.1771999999999996
964,2025-02-24,3,334173,CX-10-UN,20.0,UN,11.1296
965,2025-02-26,3,351757,CX-50-UN,100.0,UN,11.8346
966,2025-02-22,3,351757,CX-50-UN,100.0,UN,11.8346
967,2025-02-24,3,351757,CX-50-UN,50.0,UN,11.8346
968,2025-02-25,3,351757,CX-50-UN,50.0,UN,11.8346
969,2025-02-24,3,351758,CX-50-UN,150.0,UN,13.1224
970,2025-02-26,3,351758,CX-50-UN,50.0,UN,13.1224
971,2025-02-25,3,351758,CX-50-UN,100.0,UN,13.1224
972,2025-02-22,3,351758,CX-50-UN,50.0,UN,13.1224
973,2025-02-26,3,360262,CX-10-UN,20.0,UN,9.569199999999999
974,2025-02-25,3,360262,CX-10-UN,50.0,UN,9.569199999999999
975,2025-02-24,3,360262,CX-10-UN,180.0,UN,9.569199999999999
976,2025-02-25,3,360263,CX-10-UN,70.0,UN,9.569199999999999
977,2025-02-26,3,360263,CX-10-UN,40.0,UN,9.569199999999999
978,2025-02-24,3,360263,CX-10-UN,330.0,UN,9.569199999999999
979,2025-02-24,3,409654,CX-10-UN,20.0,UN,48.1468
980,2025-02-25,3,409654,CX-10-UN,10.0,UN,48.1468
981,2025-02-26,3,409654,CX-10-UN,10.0,UN,48.1468
982,2025-02-24,3,454370,CX-5-UN,1.0,UN,158.6532
983,2025-02-24,3,455282,CX-20-UN,480.0,UN,9.2308
984,2025-02-26,3,455282,CX-20-UN,200.0,UN,9.2308
985,2025-02-22,3,455282,CX-20-UN,240.0,UN,9.2308
986,2025-02-25,3,455282,CX-20-UN,240.0,UN,9.2308
987,2025-02-25,3,455283,CX-10-UN,210.0,UN,13.545399999999999
988,2025-02-26,3,455283,CX-10-UN,190.0,UN,13.545399999999999
989,2025-02-24,3,455283,CX-10-UN,1100.0,UN,13.545399999999999
990,2025-02-25,3,456722,CX-10-UN,110.0,UN,20.520199999999996
991,2025-02-24,3,456722,CX-10-UN,690.0,UN,20.520199999999996
992,2025-02-26,3,456722,CX-10-UN,80.0,UN,20.520199999999996
993,2025-02-26,3,457489,CX-50-UN,150.0,UN,6.721
994,2025-02-24,3,457489,CX-50-UN,550.0,UN,6.721
995,2025-02-22,3,457489,CX-50-UN,100.0,UN,6.721
996,2025-02-25,3,457489,CX-50-UN,250.0,UN,6.721
997,2025-02-03,3,463805,CX-6-UN,18.0,UN,59.42679999999999
998,2025-02-01,92,386056,CX-18-UN,18.0,UN,13.498399999999998
999,2025-02-26,92,386092,CX-12-UN,60.0,UN,17.39
1000,2025-02-01,92,386092,CX-12-UN,12.0,UN,17.39
1001,2025-02-27,92,406818,CX-6-UN,24.0,UN,93.05999999999999
1002,2025-02-03,92,406818,CX-6-UN,6.0,UN,93.05999999999999
1003,2025-02-15,92,419130,CX-1-UN,2.0,UN,562.496
1004,2025-02-26,92,419435,CX-12-UN,12.0,UN,26.996799999999997
1005,2025-02-01,92,419437,CX-12-UN,48.0,UN,26.996799999999997
1006,2025-02-26,92,419437,CX-12-UN,24.0,UN,26.996799999999997
1007,2025-02-15,92,441981,CX-1-UN,20.0,UN,273.164
1008,2025-02-18,92,441981,CX-1-UN,15.0,UN,273.164
1009,2025-02-24,92,441981,CX-1-UN,50.0,UN,273.164
1010,2025-02-24,92,447235,CX-1-UN,30.0,UN,247.267
1011,2025-02-18,92,447235,CX-1-UN,5.0,UN,247.267
1012,2025-02-27,92,449823,CX-20-UN,60.0,UN,14.569999999999999
1013,2025-02-24,92,454313,CX-20-UN,440.0,UN,31.875399999999996
1014,2025-02-18,92,454313,CX-20-UN,100.0,UN,31.875399999999996
1015,2025-02-15,92,454313,CX-20-UN,40.0,UN,31.875399999999996
1016,2025-02-24,92,466115,CX-5-UN,10.0,UN,124.926
1017,2025-02-18,92,466115,CX-5-UN,5.0,UN,124.926
1018,2025-02-11,92,467962,CX-1-UN,28.0,UN,534.9446
1019,2025-02-11,92,467963,CX-1-UN,28.0,UN,1101.6988
1020,2025-02-11,92,467964,CX-1-UN,45.0,UN,595.5652
1021,2025-02-11,92,467965,CX-1-UN,45.0,UN,1296.119
1022,2025-02-11,92,467966,CX-1-UN,15.0,UN,806.5858
1023,2025-02-11,92,467967,CX-1-UN,15.0,UN,1803.9822
1024,2025-02-18,92,470057,CX-6-UN,6.0,UN,117.40599999999999
1025,2025-02-15,92,470057,CX-6-UN,6.0,UN,117.40599999999999
1026,2025-02-01,92,471923,CX-20-UN,20.0,UN,18.799999999999997
1027,2025-02-01,92,471925,CX-20-UN,180.0,UN,21.102999999999998
1028,2025-02-26,92,471925,CX-20-UN,20.0,UN,21.102999999999998
1029,2025-02-13,92,475293,CX-10-UN,120.0,UN,67.8304
1030,2025-02-12,92,475293,CX-10-UN,20.0,UN,67.8304
1031,2025-02-26,92,481381,CX-20-UN,20.0,UN,17.578
1032,2025-02-01,92,481381,CX-20-UN,60.0,UN,17.578
1033,2025-02-06,93,467962,CX-1-UN,76.0,UN,534.9446
1034,2025-02-06,93,467963,CX-1-UN,76.0,UN,1101.6988
1035,2025-02-06,93,467964,CX-1-UN,120.0,UN,595.5652
1036,2025-02-06,93,467965,CX-1-UN,120.0,UN,1296.119
1037,2025-03-07,2,388534,UN-1-UN,3.0,UN,182.35999999999999
1038,2025-03-07,2,418788,UN-1-UN,6.0,UN,206.79999999999998
1039,2025-03-25,3,454362,CX-4-UN,4.0,UN,358.95779999999996
1040,2025-03-17,3,454362,CX-4-UN,4.0,UN,358.95779999999996
1041,2025-03-10,92,386056,CX-18-UN,18.0,UN,13.498399999999998
1042,2025-03-10,92,386092,CX-12-UN,60.0,UN,17.39
1043,2025-03-28,92,386092,CX-12-UN,48.0,UN,17.39
1044,2025-03-29,92,386092,CX-12-UN,24.0,UN,17.39
1045,2025-03-29,92,390158,CX-8-UN,8.0,UN,46.248
1046,2025-03-29,92,406818,CX-6-UN,12.0,UN,93.05999999999999
1047,2025-03-28,92,406818,CX-6-UN,6.0,UN,93.05999999999999
1048,2025-03-29,92,419435,CX-12-UN,36.0,UN,26.996799999999997
1049,2025-03-10,92,419435,CX-12-UN,12.0,UN,26.996799999999997
1050,2025-03-10,92,419436,CX-12-UN,36.0,UN,26.996799999999997
1051,2025-03-28,92,419437,CX-12-UN,36.0,UN,26.996799999999997
1052,2025-03-10,92,419437,CX-12-UN,96.0,UN,26.996799999999997
1053,2025-03-29,92,419437,CX-12-UN,60.0,UN,26.996799999999997
1054,2025-03-29,92,419438,CX-12-UN,12.0,UN,27.025
1055,2025-03-26,92,441981,CX-1-UN,60.0,UN,273.164
1056,2025-03-27,92,441981,CX-1-UN,30.0,UN,273.164
1057,2025-03-31,92,441981,CX-1-UN,40.0,UN,273.164
1058,2025-03-29,92,445886,CX-6-UN,6.0,UN,14.569999999999999
1059,2025-03-27,92,447274,CX-6-UN,1.0,UN,156.5006
1060,2025-03-26,92,454313,CX-20-UN,220.0,UN,31.875399999999996
1061,2025-03-31,92,454313,CX-20-UN,300.0,UN,31.875399999999996
1062,2025-03-14,92,454313,CX-20-UN,920.0,UN,31.875399999999996
1063,2025-03-28,92,458287,CX-8-UN,8.0,UN,54.05
1064,2025-03-18,92,467962,CX-1-UN,78.0,UN,534.9446
1065,2025-03-18,92,467963,CX-1-UN,78.0,UN,1101.6988
1066,2025-03-18,92,467964,CX-1-UN,109.0,UN,595.5652
1067,2025-03-18,92,467965,CX-1-UN,109.0,UN,1296.119
1068,2025-03-31,92,470566,CX-4-UN,4.0,UN,234.906
1069,2025-03-10,92,471923,CX-20-UN,60.0,UN,18.799999999999997
1070,2025-03-29,92,471923,CX-20-UN,40.0,UN,18.799999999999997
1071,2025-03-10,92,471925,CX-20-UN,300.0,UN,21.102999999999998
1072,2025-03-29,92,471925,CX-20-UN,80.0,UN,21.102999999999998
1073,2025-03-31,92,473902,CX-1-UN,3.0,UN,704.906
1074,2025-03-27,92,473902,CX-1-UN,1.0,UN,704.906
1075,2025-03-10,92,481381,CX-20-UN,40.0,UN,17.578
1076,2025-03-29,92,481381,CX-20-UN,20.0,UN,17.578
1077,2025-03-12,93,467962,CX-1-UN,80.0,UN,534.9446
1078,2025-03-21,93,467962,CX-1-UN,90.0,UN,534.9446
1079,2025-03-12,93,467963,CX-1-UN,80.0,UN,1101.6988
1080,2025-03-21,93,467963,CX-1-UN,90.0,UN,1101.6988
1081,2025-03-12,93,467964,CX-1-UN,200.0,UN,595.5652
1082,2025-03-12,93,467965,CX-1-UN,200.0,UN,1296.119
1083,2025-04-25,3,334173,CX-10-UN,20.0,UN,11.1296
1084,2025-04-01,3,334173,CX-10-UN,10.0,UN,11.1296
1085,2025-04-25,3,351758,CX-50-UN,50.0,UN,13.1224
1086,2025-04-24,3,360263,CX-10-UN,120.0,UN,9.569199999999999
1087,2025-04-02,3,360263,CX-10-UN,90.0,UN,9.569199999999999
1088,2025-04-25,3,360263,CX-10-UN,50.0,UN,9.569199999999999
1089,2025-04-01,3,454370,CX-5-UN,5.0,UN,158.6532
1090,2025-04-04,3,454370,CX-5-UN,5.0,UN,158.6532
1091,2025-04-25,3,455282,CX-20-UN,200.0,UN,9.2308
1092,2025-04-24,3,455282,CX-20-UN,200.0,UN,9.2308
1093,2025-04-28,3,455282,CX-20-UN,100.0,UN,9.2308
1094,2025-04-25,3,455283,CX-10-UN,200.0,UN,13.545399999999999
1095,2025-04-28,3,455283,CX-10-UN,100.0,UN,13.545399999999999
1096,2025-04-24,3,455283,CX-10-UN,500.0,UN,13.545399999999999
1097,2025-04-24,3,456722,CX-10-UN,100.0,UN,20.520199999999996
1098,2025-04-25,3,456722,CX-10-UN,100.0,UN,20.520199999999996
1099,2025-04-24,3,457489,CX-50-UN,600.0,UN,6.721
1100,2025-04-25,3,457489,CX-50-UN,200.0,UN,6.721
1101,2025-04-02,3,457489,CX-50-UN,250.0,UN,6.721
1102,2025-04-29,92,441981,CX-1-UN,69.0,UN,273.164
1103,2025-04-01,92,447274,CX-6-UN,3.0,UN,156.5006
1104,2025-04-07,92,467736,CX-1-UN,368.0,UN,1119.7562
1105,2025-04-07,92,467737,CX-1-UN,252.0,UN,993.9466
1106,2025-04-16,93,367905,CX-1-UN,20.0,UN,381.264
1107,2025-04-07,93,467736,CX-1-UN,300.0,UN,1119.7562
1108,2025-04-28,93,467736,CX-1-UN,300.0,UN,1119.7562
1109,2025-04-11,93,467736,CX-1-UN,162.0,UN,1119.7562
1110,2025-04-11,93,467737,CX-1-UN,468.0,UN,993.9466
1111,2025-04-23,93,467737,CX-1-UN,320.0,UN,993.9466
1112,2025-05-30,3,351758,CX-50-UN,50.0,UN,13.1224
1113,2025-05-28,3,360262,CX-10-UN,50.0,UN,9.569199999999999
1114,2025-05-28,3,360263,CX-10-UN,170.0,UN,9.569199999999999
1115,2025-05-28,3,409654,CX-10-UN,10.0,UN,48.1468
1116,2025-05-28,3,441457,CX-8-UN,8.0,UN,204.81659999999997
1117,2025-05-28,3,454370,CX-5-UN,15.0,UN,158.6532
1118,2025-05-30,3,455282,CX-20-UN,140.0,UN,9.2308
1119,2025-05-28,3,455282,CX-20-UN,800.0,UN,9.2308
1120,2025-05-28,3,455283,CX-10-UN,320.0,UN,13.545399999999999
1121,2025-05-30,3,455283,CX-10-UN,100.0,UN,13.545399999999999
1122,2025-05-28,3,456722,CX-10-UN,500.0,UN,20.520199999999996
1123,2025-05-30,3,456722,CX-10-UN,100.0,UN,20.520199999999996
1124,2025-05-28,3,457489,CX-50-UN,550.0,UN,6.721
1125,2025-05-30,3,457489,CX-50-UN,50.0,UN,6.721
1126,2025-05-22,92,386056,CX-18-UN,54.0,UN,13.498399999999998
1127,2025-05-22,92,390158,CX-8-UN,64.0,UN,46.248
1128,2025-05-22,92,390170,CX-12-UN,24.0,UN,22.700999999999997
1129,2025-05-23,92,406818,CX-6-UN,6.0,UN,93.05999999999999
1130,2025-05-09,92,406818,CX-6-UN,6.0,UN,93.05999999999999
1131,2025-05-22,92,419435,CX-12-UN,36.0,UN,26.996799999999997
1132,2025-05-22,92,419437,CX-12-UN,24.0,UN,26.996799999999997
1133,2025-05-22,92,419438,CX-12-UN,12.0,UN,27.025
1134,2025-05-07,92,445880,CX-36-UN,36.0,UN,7.764399999999999
1135,2025-05-06,92,445880,CX-36-UN,108.0,UN,7.764399999999999
1136,2025-05-02,92,445880,CX-36-UN,360.0,UN,7.764399999999999
1137,2025-05-02,92,445881,CX-36-UN,576.0,UN,7.764399999999999
1138,2025-05-13,92,454313,CX-20-UN,1320.0,UN,31.875399999999996
1139,2025-05-30,92,454313,CX-20-UN,900.0,UN,31.875399999999996
1140,2025-05-07,92,458287,CX-8-UN,8.0,UN,54.05
1141,2025-05-22,92,471923,CX-20-UN,160.0,UN,18.799999999999997
1142,2025-05-30,93,467736,CX-1-UN,300.0,UN,1119.7562
1143,2025-06-03,3,334173,CX-10-UN,30.0,UN,11.1296
1144,2025-06-28,3,334173,CX-10-UN,10.0,UN,11.1296
1145,2025-06-26,3,334173,CX-10-UN,10.0,UN,11.1296
1146,2025-06-26,3,351757,CX-50-UN,100.0,UN,11.8346
1147,2025-06-28,3,360262,CX-10-UN,10.0,UN,9.569199999999999
1148,2025-06-03,3,360262,CX-10-UN,20.0,UN,9.569199999999999
1149,2025-06-02,3,360262,CX-10-UN,10.0,UN,9.569199999999999
1150,2025-06-28,3,360263,CX-10-UN,10.0,UN,9.569199999999999
1151,2025-06-30,3,360263,CX-10-UN,30.0,UN,9.569199999999999
1152,2025-06-02,3,360263,CX-10-UN,20.0,UN,9.569199999999999
1153,2025-06-03,3,360263,CX-10-UN,160.0,UN,9.569199999999999
1154,2025-06-03,3,409654,CX-10-UN,30.0,UN,48.1468
1155,2025-06-26,3,441457,CX-8-UN,11.0,UN,204.81659999999997
1156,2025-06-03,3,454370,CX-5-UN,15.0,UN,158.6532
1157,2025-06-26,3,455282,CX-20-UN,120.0,UN,9.2308
1158,2025-06-28,3,455282,CX-20-UN,80.0,UN,9.2308
1159,2025-06-30,3,455282,CX-20-UN,40.0,UN,9.2308
1160,2025-06-03,3,455282,CX-20-UN,820.0,UN,9.2308
1161,2025-06-26,3,455283,CX-10-UN,460.0,UN,13.545399999999999
1162,2025-06-03,3,455283,CX-10-UN,370.0,UN,13.545399999999999
1163,2025-06-28,3,455283,CX-10-UN,290.0,UN,13.545399999999999
1164,2025-06-02,3,455283,CX-10-UN,360.0,UN,13.545399999999999
1165,2025-06-30,3,455283,CX-10-UN,20.0,UN,13.545399999999999
1166,2025-06-28,3,456722,CX-10-UN,60.0,UN,20.520199999999996
1167,2025-06-03,3,456722,CX-10-UN,360.0,UN,20.520199999999996
1168,2025-06-26,3,456722,CX-10-UN,60.0,UN,20.520199999999996
1169,2025-06-03,3,457489,CX-50-UN,500.0,UN,6.721
1170,2025-06-26,3,457489,CX-50-UN,100.0,UN,6.721
1171,2025-06-28,3,457489,CX-50-UN,50.0,UN,6.721
1172,2025-06-30,5,469135,CX-1-UN,30.0,UN,1422.5677999999998
1173,2025-06-14,92,454313,CX-20-UN,20.0,UN,31.875399999999996
1174,2025-06-25,92,454313,CX-20-UN,20.0,UN,31.875399999999996
1175,2025-06-13,92,454313,CX-20-UN,140.0,UN,31.875399999999996
1176,2025-06-12,92,454313,CX-20-UN,260.0,UN,31.875399999999996
1177,2025-06-19,92,474263,PL-72-M2,216.0,M2,36.565999999999995
1178,2025-06-10,92,474263,PL-72-M2,216.0,M2,36.565999999999995
1179,2025-06-09,92,474263,PL-72-M2,288.0,M2,36.565999999999995
1180,2025-06-10,92,474264,PL-72-M2,144.0,M2,38.446
1181,2025-06-19,92,474264,PL-72-M2,432.0,M2,38.446
1182,2025-06-19,92,477961,CX-1-UN,240.0,UN,417.1626
1183,2025-06-09,93,467737,CX-1-UN,320.0,UN,993.9466
1184,2025-06-26,5,455220,CX-1-UN,12.0,UN,
1185,2025-06-23,5,455220,CX-1-UN,6.0,UN,
1186,2025-06-20,5,455220,CX-1-UN,22.0,UN,
1187,2025-06-30,5,455220,CX-1-UN,11.0,UN,
1188,2025-06-30,5,454967,CX-1-UN,150.0,UN,
1189,2025-06-30,5,401646,CX-1-UN,12.0,UN,
1190,2025-06-26,5,401646,CX-1-UN,30.0,UN,
1191,2025-07-02,3,351757,CX-50-UN,50.0,UN,11.8346
1192,2025-07-03,3,351757,CX-50-UN,50.0,UN,11.8346
1193,2025-07-02,3,351758,CX-50-UN,50.0,UN,13.1224
1194,2025-07-03,3,351758,CX-50-UN,100.0,UN,13.1224
1195,2025-07-02,3,360262,CX-10-UN,180.0,UN,9.569199999999999
1196,2025-07-03,3,360262,CX-10-UN,100.0,UN,9.569199999999999
1197,2025-07-10,3,360262,CX-10-UN,20.0,UN,9.569199999999999
1198,2025-07-02,3,360263,CX-10-UN,300.0,UN,9.569199999999999
1199,2025-07-03,3,360263,CX-10-UN,50.0,UN,9.569199999999999
1200,2025-07-08,3,360263,CX-10-UN,10.0,UN,9.569199999999999
1201,2025-07-03,3,409654,CX-10-UN,10.0,UN,48.1468
1202,2025-07-02,3,455282,CX-20-UN,1160.0,UN,9.2308
1203,2025-07-03,3,455282,CX-20-UN,300.0,UN,9.2308
1204,2025-07-08,3,455282,CX-20-UN,40.0,UN,9.2308
1205,2025-07-02,3,455283,CX-10-UN,2860.0,UN,13.545399999999999
1206,2025-07-08,3,455283,CX-10-UN,30.0,UN,13.545399999999999
1207,2025-07-10,3,455283,CX-10-UN,170.0,UN,13.545399999999999
1208,2025-07-03,3,455283,CX-10-UN,650.0,UN,13.545399999999999
1209,2025-07-02,3,456722,CX-10-UN,1020.0,UN,20.520199999999996
1210,2025-07-03,3,456722,CX-10-UN,240.0,UN,20.520199999999996
1211,2025-07-02,3,457489,CX-50-UN,1750.0,UN,6.721
1212,2025-07-03,3,457489,CX-50-UN,400.0,UN,6.721
1213,2025-07-01,5,469132,CX-1-UN,60.0,UN,1097.8542
1214,2025-07-01,5,469135,CX-1-UN,26.0,UN,1422.5677999999998
1215,2025-07-29,5,469135,CX-1-UN,20.0,UN,1422.5677999999998
1216,2025-07-07,92,386056,CX-18-UN,36.0,UN,13.498399999999998
1217,2025-07-05,92,386056,CX-18-UN,54.0,UN,13.498399999999998
1218,2025-07-05,92,390158,CX-8-UN,24.0,UN,46.248
1219,2025-07-09,92,390158,CX-8-UN,16.0,UN,46.248
1220,2025-07-05,92,390170,CX-12-UN,24.0,UN,22.700999999999997
1221,2025-07-21,92,390662,PL-99.96-M2,399.84,M2,23.5
1222,2025-07-17,92,390662,PL-99.96-M2,799.68,M2,23.5
1223,2025-07-23,92,390662,PL-99.96-M2,299.88,M2,23.5
1224,2025-07-11,92,406818,CX-6-UN,30.0,UN,93.05999999999999
1225,2025-07-07,92,419435,CX-12-UN,24.0,UN,26.996799999999997
1226,2025-07-09,92,419435,CX-12-UN,60.0,UN,26.996799999999997
1227,2025-07-05,92,419435,CX-12-UN,108.0,UN,26.996799999999997
1228,2025-07-05,92,419436,CX-12-UN,72.0,UN,26.996799999999997
1229,2025-07-07,92,419436,CX-12-UN,24.0,UN,26.996799999999997
1230,2025-07-09,92,419436,CX-12-UN,24.0,UN,26.996799999999997
1231,2025-07-09,92,419437,CX-12-UN,24.0,UN,26.996799999999997
1232,2025-07-05,92,419437,CX-12-UN,252.0,UN,26.996799999999997
1233,2025-07-07,92,419437,CX-12-UN,24.0,UN,26.996799999999997
1234,2025-07-07,92,419438,CX-12-UN,36.0,UN,27.025
1235,2025-07-09,92,419438,CX-12-UN,36.0,UN,27.025
1236,2025-07-05,92,419438,CX-12-UN,108.0,UN,27.025
1237,2025-07-09,92,445886,CX-6-UN,120.0,UN,14.569999999999999
1238,2025-07-07,92,445886,CX-6-UN,120.0,UN,14.569999999999999
1239,2025-07-05,92,445886,CX-6-UN,384.0,UN,14.569999999999999
1240,2025-07-11,92,449823,CX-20-UN,60.0,UN,14.569999999999999
1241,2025-07-16,92,454313,CX-20-UN,20.0,UN,31.875399999999996
1242,2025-07-12,92,454313,CX-20-UN,600.0,UN,31.875399999999996
1243,2025-07-02,92,454313,CX-20-UN,180.0,UN,31.875399999999996
1244,2025-07-05,92,458288,CX-12-UN,24.0,UN,81.827
1245,2025-07-07,92,458288,CX-12-UN,12.0,UN,81.827
1246,2025-07-09,92,458288,CX-12-UN,12.0,UN,81.827
1247,2025-07-05,92,471923,CX-20-UN,100.0,UN,18.799999999999997
1248,2025-07-07,92,471923,CX-20-UN,40.0,UN,18.799999999999997
1249,2025-07-09,92,471923,CX-20-UN,40.0,UN,18.799999999999997
1250,2025-07-03,92,474263,PL-72-M2,144.0,M2,36.565999999999995
1251,2025-07-10,92,474263,PL-72-M2,288.0,M2,36.565999999999995
1252,2025-07-09,92,474264,PL-72-M2,144.0,M2,38.446
1253,2025-07-17,93,401645,CX-1-UN,25.0,UN,1747.5822
1254,2025-07-03,93,420163,CX-1-UN,65.0,UN,1094.5642
1255,2025-07-03,93,454965,CX-1-UN,50.0,UN,1244.2027999999998
1256,2025-07-01,93,455219,CX-1-UN,15.0,UN,1404.407
1257,2025-07-03,93,469132,CX-1-UN,15.0,UN,862.0269999999999
1258,2025-07-03,93,469135,CX-1-UN,8.0,UN,1148.3228
1259,2025-07-03,93,469138,CX-1-UN,6.0,UN,2045.252
1260,2025-07-01,5,422581,CX-1-UN,2.0,UN,
1261,2025-07-11,5,455220,CX-1-UN,5.0,UN,
1262,2025-07-01,5,469140,CX-1-UN,32.0,UN,
1263,2025-07-12,5,401646,CX-1-UN,32.0,UN,
1264,2025-07-29,5,420164,CX-1-UN,1.0,UN,
1265,2025-07-01,5,420164,CX-1-UN,40.0,UN,
1266,2025-08-01,3,334173,CX-10-UN,10.0,UN,11.1296
1267,2025-08-06,3,334173,CX-10-UN,20.0,UN,11.1296
1268,2025-08-13,3,351757,CX-50-UN,50.0,UN,11.8346
1269,2025-08-01,3,351758,CX-50-UN,50.0,UN,13.1224
1270,2025-08-06,3,351758,CX-50-UN,50.0,UN,13.1224
1271,2025-08-23,3,360262,CX-10-UN,50.0,UN,9.569199999999999
1272,2025-08-06,3,360262,CX-10-UN,60.0,UN,9.569199999999999
1273,2025-08-29,3,360262,CX-10-UN,10.0,UN,9.569199999999999
1274,2025-08-22,3,360262,CX-10-UN,10.0,UN,9.569199999999999
1275,2025-08-01,3,360262,CX-10-UN,30.0,UN,9.569199999999999
1276,2025-08-08,3,360262,CX-10-UN,10.0,UN,9.569199999999999
1277,2025-08-13,3,360262,CX-10-UN,50.0,UN,9.569199999999999
1278,2025-08-08,3,360263,CX-10-UN,30.0,UN,9.569199999999999
1279,2025-08-22,3,360263,CX-10-UN,10.0,UN,9.569199999999999
1280,2025-08-01,3,360263,CX-10-UN,10.0,UN,9.569199999999999
1281,2025-08-23,3,360263,CX-10-UN,90.0,UN,9.569199999999999
1282,2025-08-06,3,360263,CX-10-UN,120.0,UN,9.569199999999999
1283,2025-08-29,3,360263,CX-10-UN,10.0,UN,9.569199999999999
1284,2025-08-22,3,455282,CX-20-UN,160.0,UN,9.2308
1285,2025-08-06,3,455282,CX-20-UN,200.0,UN,9.2308
1286,2025-08-23,3,455282,CX-20-UN,200.0,UN,9.2308
1287,2025-08-30,3,455282,CX-20-UN,120.0,UN,9.2308
1288,2025-08-01,3,455282,CX-20-UN,200.0,UN,9.2308
1289,2025-08-30,3,455283,CX-10-UN,40.0,UN,13.545399999999999
1290,2025-08-22,3,455283,CX-10-UN,10.0,UN,13.545399999999999
1291,2025-08-29,3,455283,CX-10-UN,60.0,UN,13.545399999999999
1292,2025-08-23,3,455283,CX-10-UN,20.0,UN,13.545399999999999
1293,2025-08-23,3,456722,CX-10-UN,170.0,UN,20.520199999999996
1294,2025-08-29,3,456722,CX-10-UN,90.0,UN,20.520199999999996
1295,2025-08-30,3,456722,CX-10-UN,70.0,UN,20.520199999999996
1296,2025-08-06,3,456722,CX-10-UN,60.0,UN,20.520199999999996
1297,2025-08-29,3,457489,CX-50-UN,100.0,UN,6.721
1298,2025-08-30,3,457489,CX-50-UN,100.0,UN,6.721
1299,2025-08-06,3,457489,CX-50-UN,100.0,UN,6.721
1300,2025-08-22,3,457489,CX-50-UN,100.0,UN,6.721
1301,2025-08-23,3,457489,CX-50-UN,200.0,UN,6.721
1302,2025-08-01,92,474263,PL-72-M2,216.0,M2,36.565999999999995
1303,2025-08-22,92,474263,PL-72-M2,288.0,M2,36.565999999999995
1304,2025-09-28,3,334173,CX-10-UN,10.0,UN,11.1296
1305,2025-09-03,3,334173,CX-10-UN,10.0,UN,11.1296
1306,2025-09-01,3,334173,CX-10-UN,10.0,UN,11.1296
1307,2025-09-04,3,334173,CX-10-UN,10.0,UN,11.1296
1308,2025-09-18,3,334173,CX-10-UN,10.0,UN,11.1296
1309,2025-09-28,3,360262,CX-10-UN,10.0,UN,9.569199999999999
1310,2025-09-03,3,360262,CX-10-UN,100.0,UN,9.569199999999999
1311,2025-09-14,3,360262,CX-10-UN,10.0,UN,9.569199999999999
1312,2025-09-27,3,360262,CX-10-UN,10.0,UN,9.569199999999999
1313,2025-09-01,3,360262,CX-10-UN,20.0,UN,9.569199999999999
1314,2025-09-04,3,360263,CX-10-UN,10.0,UN,9.569199999999999
1315,2025-09-18,3,360263,CX-10-UN,50.0,UN,9.569199999999999
1316,2025-09-03,3,360263,CX-10-UN,20.0,UN,9.569199999999999
1317,2025-09-14,3,360263,CX-10-UN,40.0,UN,9.569199999999999
1318,2025-09-28,3,360263,CX-10-UN,10.0,UN,9.569199999999999
1319,2025-09-30,3,360263,CX-10-UN,60.0,UN,9.569199999999999
1320,2025-09-01,3,360263,CX-10-UN,80.0,UN,9.569199999999999
1321,2025-09-27,3,360263,CX-10-UN,50.0,UN,9.569199999999999
1322,2025-09-01,3,455282,CX-20-UN,120.0,UN,9.2308
1323,2025-09-02,3,455282,CX-20-UN,800.0,UN,9.2308
1324,2025-09-04,3,455282,CX-20-UN,700.0,UN,9.2308
1325,2025-09-03,3,455282,CX-20-UN,1500.0,UN,9.2308
1326,2025-09-02,3,455283,CX-10-UN,100.0,UN,13.545399999999999
1327,2025-09-18,3,455283,CX-10-UN,30.0,UN,13.545399999999999
1328,2025-09-27,3,455283,CX-10-UN,190.0,UN,13.545399999999999
1329,2025-09-04,3,455283,CX-10-UN,20.0,UN,13.545399999999999
1330,2025-09-30,3,455283,CX-10-UN,70.0,UN,13.545399999999999
1331,2025-09-01,3,455283,CX-10-UN,30.0,UN,13.545399999999999
1332,2025-09-03,3,455283,CX-10-UN,230.0,UN,13.545399999999999
1333,2025-09-14,3,455283,CX-10-UN,10.0,UN,13.545399999999999
1334,2025-09-01,3,456722,CX-10-UN,90.0,UN,20.520199999999996
1335,2025-09-02,3,456722,CX-10-UN,70.0,UN,20.520199999999996
1336,2025-09-30,3,456722,CX-10-UN,70.0,UN,20.520199999999996
1337,2025-09-03,3,456722,CX-10-UN,220.0,UN,20.520199999999996
1338,2025-09-04,3,456722,CX-10-UN,200.0,UN,20.520199999999996
1339,2025-09-18,3,456722,CX-10-UN,10.0,UN,20.520199999999996
1340,2025-09-14,3,456722,CX-10-UN,130.0,UN,20.520199999999996
1341,2025-09-27,3,456722,CX-10-UN,60.0,UN,20.520199999999996
1342,2025-09-28,3,456722,CX-10-UN,10.0,UN,20.520199999999996
1343,2025-09-18,3,457489,CX-50-UN,300.0,UN,6.721
1344,2025-09-04,3,457489,CX-50-UN,100.0,UN,6.721
1345,2025-09-27,3,457489,CX-50-UN,300.0,UN,6.721
1346,2025-09-30,3,457489,CX-50-UN,250.0,UN,6.721
1347,2025-09-01,3,457489,CX-50-UN,50.0,UN,6.721
1348,2025-09-03,3,457489,CX-50-UN,50.0,UN,6.721
1349,2025-09-01,5,469135,CX-1-UN,4.0,UN,1422.5677999999998
1350,2025-09-02,6,460610,PT-6-UN,228.0,UN,17.766
1351,2025-09-04,92,419435,CX-12-UN,144.0,UN,26.996799999999997
1352,2025-09-13,92,419435,CX-12-UN,48.0,UN,26.996799999999997
1353,2025-09-04,92,419436,CX-12-UN,48.0,UN,26.996799999999997
1354,2025-09-04,92,419437,CX-12-UN,240.0,UN,26.996799999999997
1355,2025-09-04,92,419438,CX-12-UN,36.0,UN,27.025
1356,2025-09-01,5,455220,CX-1-UN,94.0,UN,
1357,2025-09-01,5,420164,CX-1-UN,119.0,UN,
1358,2025-09-01,5,401646,CX-1-UN,6.0,UN,
1359,2025-10-01,3,334173,CX-10-UN,10.0,UN,11.1296
1360,2025-10-28,3,360262,CX-10-UN,20.0,UN,9.569199999999999
1361,2025-10-01,3,360262,CX-10-UN,20.0,UN,9.569199999999999
1362,2025-10-29,3,360262,CX-10-UN,40.0,UN,9.569199999999999
1363,2025-10-17,3,360262,CX-10-UN,20.0,UN,9.569199999999999
1364,2025-10-29,3,360263,CX-10-UN,430.0,UN,9.569199999999999
1365,2025-10-01,3,360263,CX-10-UN,100.0,UN,9.569199999999999
1366,2025-10-17,3,360263,CX-10-UN,30.0,UN,9.569199999999999
1367,2025-10-20,3,360263,CX-10-UN,10.0,UN,9.569199999999999
1368,2025-10-08,3,454370,CX-5-UN,5.0,UN,158.6532
1369,2025-10-28,3,455282,CX-20-UN,200.0,UN,9.2308
1370,2025-10-17,3,455282,CX-20-UN,140.0,UN,9.2308
1371,2025-10-20,3,455282,CX-20-UN,100.0,UN,9.2308
1372,2025-10-29,3,455282,CX-20-UN,500.0,UN,9.2308
1373,2025-10-29,3,455283,CX-10-UN,390.0,UN,13.545399999999999
1374,2025-10-17,3,455283,CX-10-UN,230.0,UN,13.545399999999999
1375,2025-10-01,3,455283,CX-10-UN,290.0,UN,13.545399999999999
1376,2025-10-20,3,455283,CX-10-UN,20.0,UN,13.545399999999999
1377,2025-10-01,3,456722,CX-10-UN,130.0,UN,20.520199999999996
1378,2025-10-29,3,457489,CX-50-UN,200.0,UN,6.721
1379,2025-10-17,3,457489,CX-50-UN,100.0,UN,6.721
1380,2025-10-01,3,457489,CX-50-UN,150.0,UN,6.721
1381,2025-10-20,3,457489,CX-50-UN,50.0,UN,6.721
1382,2025-10-30,93,480557,CX-1-UN,157.0,UN,
1383,2025-10-30,93,480556,CX-1-UN,157.0,UN,
1384,2025-10-29,5,480557,CX-1-UN,293.0,UN,
1385,2025-10-29,5,480556,CX-1-UN,293.0,UN,
1386,2025-11-30,3,455283,CX-10-UN,200.0,UN,13.545399999999999
1387,2025-11-28,3,455283,CX-10-UN,280.0,UN,13.545399999999999
1388,2025-11-08,5,478112,CX-1-UN,32.0,UN,2924.387
1389,2025-11-26,5,478112,CX-1-UN,7.0,UN,2924.387
1390,2025-11-11,93,470176,CX-1-UN,1.0,UN,1241.4674
1391,2025-11-29,93,470176,CX-1-UN,12.0,UN,1241.4674
1392,2025-11-22,93,470176,CX-1-UN,27.0,UN,1241.4674
1393,2025-11-19,93,470176,CX-1-UN,569.0,UN,1241.4674
1394,2025-11-20,93,470176,CX-1-UN,117.0,UN,1241.4674
1395,2025-11-20,93,470178,CX-1-UN,93.0,UN,1268.0224
1396,2025-11-20,93,470179,CX-1-UN,15.0,UN,1268.0224
1397,2025-12-03,3,455283,CX-10-UN,1100.0,UN,13.545399999999999
1398,2025-12-02,3,455283,CX-10-UN,1900.0,UN,13.545399999999999
1399,2025-12-05,5,478112,CX-1-UN,1.0,UN,2924.387
1400,2025-12-15,93,470176,CX-1-UN,96.0,UN,1241.4674
1401,2025-12-17,93,470176,CX-1-UN,107.0,UN,1241.4674
1402,2025-12-12,93,480557,CX-1-UN,54.0,UN,
1403,2025-12-12,93,480556,CX-1-UN,54.0,UN,
1404,2025-12-11,5,480557,CX-1-UN,126.0,UN,
1405,2025-12-11,5,480556,CX-1-UN,126.0,UN,
